Workbook

Sheet Provinsi
A1: Kode | B1: Provinsi | C1: ADHB | Q1: ADHK | AE1: Distribusi | AS1: Q-to-Q | BG1: Y-on-Y | BU1: C-to-C | CI1: Implisit Q-to-Q | CW1: Implisit Y-on-Y
C2: PDRB | E2: PKRT | G2: PKLNPRT | I2: PKP | K2: PMTB | M2: PI | O2: Net Ekspor | Q2: PDRB | S2: PKRT | U2: PKLNPRT | W2: PKP | Y2: PMTB | AA2: PI | AC2: Net Ekspor | AE2: PDRB | AG2: PKRT | AI2: PKLNPRT | AK2: PKP | AM2: PMTB | AO2: PI | AQ2: Net Ekspor | AS2: PDRB | AU2: PKRT | AW2: PKLNPRT | AY2: PKP | BA2: PMTB | BC2: PI | BE2: Net Ekspor | BG2: PDRB | BI2: PKRT | BK2: PKLNPRT | BM2: PKP | BO2: PMTB | BQ2: PI | BS2: Net Ekspor | BU2: PDRB | BW2: PKRT | BY2: PKLNPRT | CA2: PKP | CC2: PMTB | CE2: PI | CG2: Net Ekspor | CI2: PDRB | CK2: PKRT | CM2: PKLNPRT | CO2: PKP | CQ2: PMTB | CS2: PI | CU2: Net Ekspor | CW2: PDRB | CY2: PKRT | DA2: PKLNPRT | DC2: PKP | DE2: PMTB | DG2: PI | DI2: Net Ekspor
C3: Q1-25 | D3: Q2-25 | E3: Q1-25 | F3: Q2-25 | G3: Q1-25 | H3: Q2-25 | I3: Q1-25 | J3: Q2-25 | K3: Q1-25 | L3: Q2-25 | M3: Q1-25 | N3: Q2-25 | O3: Q1-25 | P3: Q2-25 | Q3: Q1-25 | R3: Q2-25 | S3: Q1-25 | T3: Q2-25 | U3: Q1-25 | V3: Q2-25 | W3: Q1-25 | X3: Q2-25 | Y3: Q1-25 | Z3: Q2-25 | AA3: Q1-25 | AB3: Q2-25 | AC3: Q1-25 | AD3: Q2-25 | AE3: Q1-25 | AF3: Q2-25 | AG3: Q1-25 | AH3: Q2-25 | AI3: Q1-25 | AJ3: Q2-25 | AK3: Q1-25 | AL3: Q2-25 | AM3: Q1-25 | AN3: Q2-25 | AO3: Q1-25 | AP3: Q2-25 | AQ3: Q1-25 | AR3: Q2-25 | AS3: Q1-25 | AT3: Q2-25 | AU3: Q1-25 | AV3: Q2-25 | AW3: Q1-25 | AX3: Q2-25 | AY3: Q1-25 | AZ3: Q2-25 | BA3: Q1-25 | BB3: Q2-25 | BC3: Q1-25 | BD3: Q2-25 | BE3: Q1-25 | BF3: Q2-25 | BG3: Q1-25 | BH3: Q2-25 | BI3: Q1-25 | BJ3: Q2-25 | BK3: Q1-25 | BL3: Q2-25 | BM3: Q1-25 | BN3: Q2-25 | BO3: Q1-25 | BP3: Q2-25 | BQ3: Q1-25 | BR3: Q2-25 | BS3: Q1-25 | BT3: Q2-25 | BU3: Q1-25 | BV3: Q2-25 | BW3: Q1-25 | BX3: Q2-25 | BY3: Q1-25 | BZ3: Q2-25 | CA3: Q1-25 | CB3: Q2-25 | CC3: Q1-25 | CD3: Q2-25 | CE3: Q1-25 | CF3: Q2-25 | CG3: Q1-25 | CH3: Q2-25 | CI3: Q1-25 | CJ3: Q2-25 | CK3: Q1-25 | CL3: Q2-25 | CM3: Q1-25 | CN3: Q2-25 | CO3: Q1-25 | CP3: Q2-25 | CQ3: Q1-25 | CR3: Q2-25 | CS3: Q1-25 | CT3: Q2-25 | CU3: Q1-25 | CV3: Q2-25 | CW3: Q1-25 | CX3: Q2-25 | CY3: Q1-25 | CZ3: Q2-25 | DA3: Q1-25 | DB3: Q2-25 | DC3: Q1-25 | DD3: Q2-25 | DE3: Q1-25 | DF3: Q2-25 | DG3: Q1-25 | DH3: Q2-25 | DI3: Q1-25 | DJ3: Q2-25
A4: 11 | B4: Aceh | C4: ='[1]201'!B6 -> 61746996 | D4: ='[1]201'!C6 -> 63840334 | E4: ='[1]201'!B59 -> 34000224 | F4: ='[1]201'!C59 -> 35267596 | G4: ='[1]201'!B483 -> 1316016.7 | H4: ='[1]201'!C483 -> 1355213 | I4: ='[1]201'!B536 -> 7903443.6 | J4: ='[1]201'!C536 -> 10401852 | K4: ='[1]201'!B695 -> 18639452 | L4: ='[1]201'!C695 -> 19613396 | M4: ='[1]201'!B854 -> 1230191.7 | N4: ='[1]201'!C854 -> 116965.11 | O4: =C4-(E4+G4+I4+K4+M4) -> -1342332.5 | P4: =D4-(F4+H4+J4+L4+N4) -> -2914688.4 | Q4: ='[1]202'!B6 -> 38383878 | R4: ='[1]202'!C6 -> 39541324 | S4: ='[1]202'!B59 -> 21406190 | T4: ='[1]202'!C59 -> 21860454 | U4: ='[1]202'!B483 -> 860677.38 | V4: ='[1]202'!C483 -> 868323.07 | W4: ='[1]202'!B536 -> 4482516.2 | X4: ='[1]202'!C536 -> 5764377.4 | Y4: ='[1]202'!B695 -> 11569571 | Z4: ='[1]202'!C695 -> 12222589 | AA4: ='[1]202'!B854 -> 667240.98 | AB4: ='[1]202'!C854 -> 62648.887 | AC4: =Q4-(S4+U4+W4+Y4+AA4) -> -602317.46 | AD4: =R4-(T4+V4+X4+Z4+AB4) -> -1237068.1 | AE4: ='[1]205'!B6 -> 100 | AF4: ='[1]205'!C6 -> 100 | AG4: ='[1]205'!B59 -> 55.063771 | AH4: ='[1]205'!C59 -> 55.243439 | AI4: ='[1]205'!B483 -> 2.1313048 | AJ4: ='[1]205'!C483 -> 2.1228163 | AK4: ='[1]205'!B536 -> 12.799722 | AL4: ='[1]205'!C536 -> 16.293543 | AM4: ='[1]205'!B695 -> 30.186816 | AN4: ='[1]205'!C695 -> 30.722577 | AO4: ='[1]205'!B854 -> 1.9923102 | AP4: ='[1]205'!C854 -> 0.18321507 | AQ4: =AE4-(AG4+AI4+AK4+AM4+AO4) -> -2.1739235 | AR4: =AF4-(AH4+AJ4+AL4+AN4+AP4) -> -4.5655908 | AS4: ='[1]209'!B6 -> -6.0477047 | AT4: ='[1]209'!C6 -> 3.0154483 | AU4: ='[1]209'!B59 -> 2.4517454 | AV4: ='[1]209'!C59 -> 2.1221148 | AW4: ='[1]209'!B483 -> -2.9870263 | AX4: ='[1]209'!C483 -> 0.88833381 | AY4: ='[1]209'!B536 -> -44.683324 | AZ4: ='[1]209'!C536 -> 28.596911 | BA4: ='[1]209'!B695 -> -11.642041 | BB4: ='[1]209'!C695 -> 5.6442712 | BC4: - | BD4: - | BE4: - | BF4: - | BG4: ='[1]210'!B6 -> 4.5885778 | BH4: ='[1]210'!C6 -> 4.8153667 | BI4: ='[1]210'!B59 -> 4.9901099 | BJ4: ='[1]210'!C59 -> 4.9672501 | BK4: ='[1]210'!B483 -> -1.0070853 | BL4: ='[1]210'!C483 -> 16.31714 | BM4: ='[1]210'!B536 -> 7.9919623 | BN4: ='[1]210'!C536 -> -9.4013912 | BO4: ='[1]210'!B695 -> -0.11450719 | BP4: ='[1]210'!C695 -> -2.1339915 | BQ4: - | BR4: - | BS4: - | BT4: - | BU4: ='[1]211'!B6 -> 4.5885778 | BV4: ='[1]211'!C6 -> 4.7035337 | BW4: ='[1]211'!B59 -> 4.9901099 | BX4: ='[1]211'!C59 -> 4.9785588 | BY4: ='[1]211'!B483 -> -1.0070853 | BZ4: ='[1]211'!C483 -> 6.9961282 | CA4: ='[1]211'!B536 -> 7.9919623 | CB4: ='[1]211'!C536 -> -2.5342911 | CC4: ='[1]211'!B695 -> -0.11450719 | CD4: ='[1]211'!C695 -> -1.1622646 | CE4: - | CF4: - | CG4: - | CH4: - | CI4: ='[1]212'!B6 -> 0.55262014 | CJ4: ='[1]212'!C6 -> 0.36376932 | CK4: ='[1]212'!B59 -> 1.0458502 | CL4: ='[1]212'!C59 -> 1.5720641 | CM4: ='[1]212'!B483 -> 0.58438585 | CN4: ='[1]212'!C483 -> 2.0716679 | CO4: ='[1]212'!B536 -> -0.53444097 | CP4: ='[1]212'!C536 -> 2.3443285 | CQ4: ='[1]212'!B695 -> 0.43812351 | CR4: ='[1]212'!C695 -> -0.39670309 | CS4: - | CT4: - | CU4: - | CV4: - | CW4: ='[1]213'!B6 -> 2.6338517 | CX4: ='[1]213'!C6 -> 2.6479411 | CY4: ='[1]213'!B59 -> 1.1816217 | CZ4: ='[1]213'!C59 -> 2.6511037 | DA4: ='[1]213'!B483 -> 0.96266137 | DB4: ='[1]213'!C483 -> 2.2546304 | DC4: ='[1]213'!B536 -> 0.63124047 | DD4: ='[1]213'!C536 -> 1.1166949 | DE4: ='[1]213'!B695 -> 2.4509118 | DF4: ='[1]213'!C695 -> 0.97611642 | DG4: - | DH4: - | DI4: - | DJ4: -
A5: 12 | B5: Sumatera Utara | C5: ='[1]201'!B7 -> 2.9649046e+08 | D5: ='[1]201'!C7 -> 3.0673878e+08 | E5: ='[1]201'!B60 -> 1.5219131e+08 | F5: ='[1]201'!C60 -> 1.5715308e+08 | G5: ='[1]201'!B484 -> 2638739.2 | H5: ='[1]201'!C484 -> 2726963.3 | I5: ='[1]201'!B537 -> 14899539 | J5: ='[1]201'!C537 -> 16559029 | K5: ='[1]201'!B696 -> 81058986 | L5: ='[1]201'!C696 -> 82003137 | M5: ='[1]201'!B855 -> -1611781.5 | N5: ='[1]201'!C855 -> 1983673.1 | O5: =C5-(E5+G5+I5+K5+M5) -> 47313663 | P5: =D5-(F5+H5+J5+L5+N5) -> 46312896 | Q5: ='[1]202'!B7 -> 1.5994795e+08 | R5: ='[1]202'!C7 -> 1.6469233e+08 | S5: ='[1]202'!B60 -> 81398944 | T5: ='[1]202'!C60 -> 83680889 | U5: ='[1]202'!B484 -> 1762239.4 | V5: ='[1]202'!C484 -> 1805515.2 | W5: ='[1]202'!B537 -> 8450336.6 | X5: ='[1]202'!C537 -> 9333036 | Y5: ='[1]202'!B696 -> 46338026 | Z5: ='[1]202'!C696 -> 46748873 | AA5: ='[1]202'!B855 -> -931781.49 | AB5: ='[1]202'!C855 -> 1138381.4 | AC5: =Q5-(S5+U5+W5+Y5+AA5) -> 22930185 | AD5: =R5-(T5+V5+X5+Z5+AB5) -> 21985631 | AE5: ='[1]205'!B7 -> 100 | AF5: ='[1]205'!C7 -> 100 | AG5: ='[1]205'!B60 -> 51.330931 | AH5: ='[1]205'!C60 -> 51.233523 | AI5: ='[1]205'!B484 -> 0.88999128 | AJ5: ='[1]205'!C484 -> 0.8890181 | AK5: ='[1]205'!B537 -> 5.0253013 | AL5: ='[1]205'!C537 -> 5.3984138 | AM5: ='[1]205'!B696 -> 27.339492 | AN5: ='[1]205'!C696 -> 26.733867 | AO5: ='[1]205'!B855 -> -0.54362002 | AP5: ='[1]205'!C855 -> 0.64669784 | AQ5: =AE5-(AG5+AI5+AK5+AM5+AO5) -> 15.957904 | AR5: =AF5-(AH5+AJ5+AL5+AN5+AP5) -> 15.098481 | AS5: ='[1]209'!B7 -> -0.992649 | AT5: ='[1]209'!C7 -> 2.9661996 | AU5: ='[1]209'!B60 -> 0.35271963 | AV5: ='[1]209'!C60 -> 2.8034076 | AW5: ='[1]209'!B484 -> -5.9728894 | AX5: ='[1]209'!C484 -> 2.4557291 | AY5: ='[1]209'!B537 -> -16.949921 | AZ5: ='[1]209'!C537 -> 10.445732 | BA5: ='[1]209'!B696 -> -6.8548822 | BB5: ='[1]209'!C696 -> 0.88663033 | BC5: - | BD5: - | BE5: - | BF5: - | BG5: ='[1]210'!B7 -> 4.6669518 | BH5: ='[1]210'!C7 -> 4.6891518 | BI5: ='[1]210'!B60 -> 5.2875448 | BJ5: ='[1]210'!C60 -> 4.9481332 | BK5: ='[1]210'!B484 -> -0.92070587 | BL5: ='[1]210'!C484 -> 6.3426796 | BM5: ='[1]210'!B537 -> 3.3859646 | BN5: ='[1]210'!C537 -> -4.761808 | BO5: ='[1]210'!B696 -> 1.2274376 | BP5: ='[1]210'!C696 -> 0.89621651 | BQ5: - | BR5: - | BS5: - | BT5: - | BU5: ='[1]211'!B7 -> 4.6669518 | BV5: ='[1]211'!C7 -> 4.6782128 | BW5: ='[1]211'!B60 -> 5.2875448 | BX5: ='[1]211'!C60 -> 5.1152192 | BY5: ='[1]211'!B484 -> -0.92070587 | BZ5: ='[1]211'!C484 -> 2.6265913 | CA5: ='[1]211'!B537 -> 3.3859646 | CB5: ='[1]211'!C537 -> -1.0564987 | CC5: ='[1]211'!B696 -> 1.2274376 | CD5: ='[1]211'!C696 -> 1.0608248 | CE5: - | CF5: - | CG5: - | CH5: - | CI5: ='[1]212'!B7 -> 1.2663792 | CJ5: ='[1]212'!C7 -> 0.47621907 | CK5: ='[1]212'!B60 -> 1.4824131 | CL5: ='[1]212'!C60 -> 0.44435495 | CM5: ='[1]212'!B484 -> 0.71787258 | CN5: ='[1]212'!C484 -> 0.86641058 | CO5: ='[1]212'!B537 -> 0.83338478 | CP5: ='[1]212'!C537 -> 0.62666834 | CQ5: ='[1]212'!B696 -> 1.1624381 | CR5: ='[1]212'!C696 -> 0.2756959 | CS5: - | CT5: - | CU5: - | CV5: - | CW5: ='[1]213'!B7 -> 3.5773077 | CX5: ='[1]213'!C7 -> 2.692595 | CY5: ='[1]213'!B60 -> 2.9021896 | CZ5: ='[1]213'!C60 -> 1.9875704 | DA5: ='[1]213'!B484 -> 2.0904745 | DB5: ='[1]213'!C484 -> 2.6330291 | DC5: ='[1]213'!B537 -> 1.5315265 | DD5: ='[1]213'!C537 -> 1.7864536 | DE5: ='[1]213'!B696 -> 1.2527006 | DF5: ='[1]213'!C696 -> 1.5129979 | DG5: - | DH5: - | DI5: - | DJ5: -
A6: 13 | B6: Sumatera Barat | C6: ='[1]201'!B8 -> 86159253 | D6: ='[1]201'!C8 -> 88259733 | E6: ='[1]201'!B61 -> 45257135 | F6: ='[1]201'!C61 -> 45525988 | G6: ='[1]201'!B485 -> 935970.85 | H6: ='[1]201'!C485 -> 954751.96 | I6: ='[1]201'!B538 -> 6302526.7 | J6: ='[1]201'!C538 -> 7793428.4 | K6: ='[1]201'!B697 -> 23541840 | L6: ='[1]201'!C697 -> 24633423 | M6: ='[1]201'!B856 -> 881688.45 | N6: ='[1]201'!C856 -> -47583.634 | O6: =C6-(E6+G6+I6+K6+M6) -> 9240092.3 | P6: =D6-(F6+H6+J6+L6+N6) -> 9399725.3 | Q6: ='[1]202'!B8 -> 50929223 | R6: ='[1]202'!C8 -> 51703523 | S6: ='[1]202'!B61 -> 24966251 | T6: ='[1]202'!C61 -> 24928126 | U6: ='[1]202'!B485 -> 587054.59 | V6: ='[1]202'!C485 -> 589207.94 | W6: ='[1]202'!B538 -> 3601416 | X6: ='[1]202'!C538 -> 4351945.2 | Y6: ='[1]202'!B697 -> 13254917 | Z6: ='[1]202'!C697 -> 13837809 | AA6: ='[1]202'!B856 -> 533469.55 | AB6: ='[1]202'!C856 -> -28745.441 | AC6: =Q6-(S6+U6+W6+Y6+AA6) -> 7986114.4 | AD6: =R6-(T6+V6+X6+Z6+AB6) -> 8025179.7 | AE6: ='[1]205'!B8 -> 100 | AF6: ='[1]205'!C8 -> 100 | AG6: ='[1]205'!B61 -> 52.527306 | AH6: ='[1]205'!C61 -> 51.581833 | AI6: ='[1]205'!B485 -> 1.0863266 | AJ6: ='[1]205'!C485 -> 1.0817526 | AK6: ='[1]205'!B538 -> 7.3149737 | AL6: ='[1]205'!C538 -> 8.8301064 | AM6: ='[1]205'!B697 -> 27.323635 | AN6: ='[1]205'!C697 -> 27.910149 | AO6: ='[1]205'!B856 -> 1.0233242 | AP6: ='[1]205'!C856 -> -0.053913186 | AQ6: =AE6-(AG6+AI6+AK6+AM6+AO6) -> 10.724434 | AR6: =AF6-(AH6+AJ6+AL6+AN6+AP6) -> 10.650072 | AS6: ='[1]209'!B8 -> -0.10731651 | AT6: ='[1]209'!C8 -> 1.5203452 | AU6: ='[1]209'!B61 -> 4.4581795 | AV6: ='[1]209'!C61 -> -0.15270646 | AW6: ='[1]209'!B485 -> 5.571449 | AX6: ='[1]209'!C485 -> 0.36680502 | AY6: ='[1]209'!B538 -> -32.938485 | AZ6: ='[1]209'!C538 -> 20.839838 | BA6: ='[1]209'!B697 -> -15.605827 | BB6: ='[1]209'!C697 -> 4.3975545 | BC6: - | BD6: - | BE6: - | BF6: - | BG6: ='[1]210'!B8 -> 4.5526008 | BH6: ='[1]210'!C8 -> 3.9428575 | BI6: ='[1]210'!B61 -> 4.0763556 | BJ6: ='[1]210'!C61 -> 0.94126597 | BK6: ='[1]210'!B485 -> -1.692579 | BL6: ='[1]210'!C485 -> 6.6447542 | BM6: ='[1]210'!B538 -> 5.907741 | BN6: ='[1]210'!C538 -> -2.1930112 | BO6: ='[1]210'!B697 -> -0.31266367 | BP6: ='[1]210'!C697 -> -0.26667178 | BQ6: - | BR6: - | BS6: - | BT6: - | BU6: ='[1]211'!B8 -> 4.5526008 | BV6: ='[1]211'!C8 -> 4.2445375 | BW6: ='[1]211'!B61 -> 4.0763556 | BX6: ='[1]211'!C61 -> 2.4860377 | BY6: ='[1]211'!B485 -> -1.692579 | BZ6: ='[1]211'!C485 -> 2.3141281 | CA6: ='[1]211'!B538 -> 5.907741 | CB6: ='[1]211'!C538 -> 1.316113 | CC6: ='[1]211'!B697 -> -0.31266367 | CD6: ='[1]211'!C697 -> -0.28917828 | CE6: - | CF6: - | CG6: - | CH6: - | CI6: ='[1]212'!B8 -> 0.96341062 | CJ6: ='[1]212'!C8 -> 0.90381826 | CK6: ='[1]212'!B61 -> 2.0387135 | CL6: ='[1]212'!C61 -> 0.74790665 | CM6: ='[1]212'!B485 -> 0.58694515 | CN6: ='[1]212'!C485 -> 1.6337939 | CO6: ='[1]212'!B538 -> -0.98277458 | CP6: ='[1]212'!C538 -> 2.3301762 | CQ6: ='[1]212'!B697 -> 3.8855841 | CR6: ='[1]212'!C697 -> 0.22914722 | CS6: - | CT6: - | CU6: - | CV6: - | CW6: ='[1]213'!B8 -> 2.1084969 | CX6: ='[1]213'!C8 -> 1.9521868 | CY6: ='[1]213'!B61 -> 1.5001175 | CZ6: ='[1]213'!C61 -> 1.0007163 | DA6: ='[1]213'!B485 -> 0.47833249 | DB6: ='[1]213'!C485 -> 1.2043967 | DC6: ='[1]213'!B538 -> -0.50419642 | DD6: ='[1]213'!C538 -> 1.7414874 | DE6: ='[1]213'!B697 -> 4.2193761 | DF6: ='[1]213'!C697 -> 4.3776027 | DG6: - | DH6: - | DI6: - | DJ6: -
A7: 14 | B7: Riau | C7: ='[1]201'!B9 -> 2.9341445e+08 | D7: ='[1]201'!C9 -> 2.9304813e+08 | E7: ='[1]201'!B62 -> 98235916 | F7: ='[1]201'!C62 -> 1.0312577e+08 | G7: ='[1]201'!B486 -> 1699086 | H7: ='[1]201'!C486 -> 1588996.5 | I7: ='[1]201'!B539 -> 8048949.2 | J7: ='[1]201'!C539 -> 8793380.1 | K7: ='[1]201'!B698 -> 88108719 | L7: ='[1]201'!C698 -> 90898321 | M7: ='[1]201'!B857 -> -1369162.1 | N7: ='[1]201'!C857 -> 2716592.6 | O7: =C7-(E7+G7+I7+K7+M7) -> 98690939 | P7: =D7-(F7+H7+J7+L7+N7) -> 85925066 | Q7: ='[1]202'!B9 -> 1.4533568e+08 | R7: ='[1]202'!C9 -> 1.4754576e+08 | S7: ='[1]202'!B62 -> 50384206 | T7: ='[1]202'!C62 -> 52715139 | U7: ='[1]202'!B486 -> 889879.06 | V7: ='[1]202'!C486 -> 819216.53 | W7: ='[1]202'!B539 -> 4461453.8 | X7: ='[1]202'!C539 -> 4834971.4 | Y7: ='[1]202'!B698 -> 43996999 | Z7: ='[1]202'!C698 -> 44983748 | AA7: ='[1]202'!B857 -> -684032.61 | AB7: ='[1]202'!C857 -> 1347853.9 | AC7: =Q7-(S7+U7+W7+Y7+AA7) -> 46287171 | AD7: =R7-(T7+V7+X7+Z7+AB7) -> 42844832 | AE7: ='[1]205'!B9 -> 100 | AF7: ='[1]205'!C9 -> 100 | AG7: ='[1]205'!B62 -> 33.480259 | AH7: ='[1]205'!C62 -> 35.190729 | AI7: ='[1]205'!B486 -> 0.57907375 | AJ7: ='[1]205'!C486 -> 0.54223055 | AK7: ='[1]205'!B539 -> 2.7432014 | AL7: ='[1]205'!C539 -> 3.0006607 | AM7: ='[1]205'!B698 -> 30.02876 | AN7: ='[1]205'!C698 -> 31.018222 | AO7: ='[1]205'!B857 -> -0.46663078 | AP7: ='[1]205'!C857 -> 0.92701244 | AQ7: =AE7-(AG7+AI7+AK7+AM7+AO7) -> 33.635337 | AR7: =AF7-(AH7+AJ7+AL7+AN7+AP7) -> 29.321145 | AS7: ='[1]209'!B9 -> -0.28985956 | AT7: ='[1]209'!C9 -> 1.5206757 | AU7: ='[1]209'!B62 -> -2.3779648 | AV7: ='[1]209'!C62 -> 4.6263172 | AW7: ='[1]209'!B486 -> 3.0206914 | AX7: ='[1]209'!C486 -> -7.9406891 | AY7: ='[1]209'!B539 -> -19.88103 | AZ7: ='[1]209'!C539 -> 8.3721041 | BA7: ='[1]209'!B698 -> 1.1357064 | BB7: ='[1]209'!C698 -> 2.2427646 | BC7: - | BD7: - | BE7: - | BF7: - | BG7: ='[1]210'!B9 -> 4.6523232 | BH7: ='[1]210'!C9 -> 4.5903549 | BI7: ='[1]210'!B62 -> 4.8555732 | BJ7: ='[1]210'!C62 -> 4.6911636 | BK7: ='[1]210'!B486 -> -1.2524 | BL7: ='[1]210'!C486 -> -0.75855 | BM7: ='[1]210'!B539 -> 4.0606381 | BN7: ='[1]210'!C539 -> -7.4111196 | BO7: ='[1]210'!B698 -> 1.1684259 | BP7: ='[1]210'!C698 -> 2.4739618 | BQ7: - | BR7: - | BS7: - | BT7: - | BU7: ='[1]211'!B9 -> 4.6523232 | BV7: ='[1]211'!C9 -> 4.6210961 | BW7: ='[1]211'!B62 -> 4.8555732 | BX7: ='[1]211'!C62 -> 4.7714454 | BY7: ='[1]211'!B486 -> -1.2524 | BZ7: ='[1]211'!C486 -> -1.0162989 | CA7: ='[1]211'!B539 -> 4.0606381 | CB7: ='[1]211'!C539 -> -2.2389877 | CC7: ='[1]211'!B698 -> 1.1684259 | CD7: ='[1]211'!C698 -> 1.8242481 | CE7: - | CF7: - | CG7: - | CH7: - | CI7: ='[1]212'!B9 -> 1.7358077 | CJ7: ='[1]212'!C9 -> -1.6208737 | CK7: ='[1]212'!B62 -> 1.7409699 | CL7: ='[1]212'!C62 -> 0.33581489 | CM7: ='[1]212'!B486 -> 0.66424364 | CN7: ='[1]212'!C486 -> 1.5874004 | CO7: ='[1]212'!B539 -> -0.5099722 | CP7: ='[1]212'!C539 -> 0.80896509 | CQ7: ='[1]212'!B698 -> -0.55403313 | CR7: ='[1]212'!C698 -> 0.90307241 | CS7: - | CT7: - | CU7: - | CV7: - | CW7: ='[1]213'!B9 -> 6.0831833 | CX7: ='[1]213'!C9 -> 2.1929331 | CY7: ='[1]213'!B62 -> 1.0442935 | CZ7: ='[1]213'!C62 -> 0.61619 | DA7: ='[1]213'!B486 -> 0.40804238 | DB7: ='[1]213'!C486 -> 1.546384 | DC7: ='[1]213'!B539 -> 0.71872937 | DD7: ='[1]213'!C539 -> 0.21617637 | DE7: ='[1]213'!B698 -> 0.43650256 | DF7: ='[1]213'!C698 -> 1.7548562 | DG7: - | DH7: - | DI7: - | DJ7: -
A8: 15 | B8: Jambi | C8: ='[1]201'!B10 -> 82259967 | D8: ='[1]201'!C10 -> 87253248 | E8: ='[1]201'!B63 -> 33955771 | F8: ='[1]201'!C63 -> 36623562 | G8: ='[1]201'!B487 -> 472401.07 | H8: ='[1]201'!C487 -> 516960.31 | I8: ='[1]201'!B540 -> 3528222 | J8: ='[1]201'!C540 -> 4901470.4 | K8: ='[1]201'!B699 -> 16597160 | L8: ='[1]201'!C699 -> 17686129 | M8: ='[1]201'!B858 -> -196409.95 | N8: ='[1]201'!C858 -> 656986.29 | O8: =C8-(E8+G8+I8+K8+M8) -> 27902822 | P8: =D8-(F8+H8+J8+L8+N8) -> 26868139 | Q8: ='[1]202'!B10 -> 43889840 | R8: ='[1]202'!C10 -> 46345712 | S8: ='[1]202'!B63 -> 19446514 | T8: ='[1]202'!C63 -> 20489190 | U8: ='[1]202'!B487 -> 270846.73 | V8: ='[1]202'!C487 -> 290924.98 | W8: ='[1]202'!B540 -> 1979104.5 | X8: ='[1]202'!C540 -> 2710091.2 | Y8: ='[1]202'!B699 -> 9945116.2 | Z8: ='[1]202'!C699 -> 10554806 | AA8: ='[1]202'!B858 -> -96096.033 | AB8: ='[1]202'!C858 -> 319120.88 | AC8: =Q8-(S8+U8+W8+Y8+AA8) -> 12344354 | AD8: =R8-(T8+V8+X8+Z8+AB8) -> 11981580 | AE8: ='[1]205'!B10 -> 100 | AF8: ='[1]205'!C10 -> 100 | AG8: ='[1]205'!B63 -> 41.278611 | AH8: ='[1]205'!C63 -> 41.973867 | AI8: ='[1]205'!B487 -> 0.57427821 | AJ8: ='[1]205'!C487 -> 0.5924826 | AK8: ='[1]205'!B540 -> 4.2891119 | AL8: ='[1]205'!C540 -> 5.617522 | AM8: ='[1]205'!B699 -> 20.176473 | AN8: ='[1]205'!C699 -> 20.269881 | AO8: ='[1]205'!B858 -> -0.23876736 | AP8: ='[1]205'!C858 -> 0.75296485 | AQ8: =AE8-(AG8+AI8+AK8+AM8+AO8) -> 33.920294 | AR8: =AF8-(AH8+AJ8+AL8+AN8+AP8) -> 30.793283 | AS8: ='[1]209'!B10 -> -3.7421511 | AT8: ='[1]209'!C10 -> 5.5955365 | AU8: ='[1]209'!B63 -> 0.51281772 | AV8: ='[1]209'!C63 -> 5.3617596 | AW8: ='[1]209'!B487 -> -6.8350149 | AX8: ='[1]209'!C487 -> 7.4131414 | AY8: ='[1]209'!B540 -> -46.226786 | AZ8: ='[1]209'!C540 -> 36.935223 | BA8: ='[1]209'!B699 -> -11.997279 | BB8: ='[1]209'!C699 -> 6.1305414 | BC8: - | BD8: - | BE8: - | BF8: - | BG8: ='[1]210'!B10 -> 4.5603432 | BH8: ='[1]210'!C10 -> 4.9948881 | BI8: ='[1]210'!B63 -> 4.8952143 | BJ8: ='[1]210'!C63 -> 4.8328387 | BK8: ='[1]210'!B487 -> -7.521918 | BL8: ='[1]210'!C487 -> 8.6525469 | BM8: ='[1]210'!B540 -> 3.2174081 | BN8: ='[1]210'!C540 -> -22.345892 | BO8: ='[1]210'!B699 -> 1.4367745 | BP8: ='[1]210'!C699 -> 3.2165472 | BQ8: - | BR8: - | BS8: - | BT8: - | BU8: ='[1]211'!B10 -> 4.5603432 | BV8: ='[1]211'!C10 -> 4.7830788 | BW8: ='[1]211'!B63 -> 4.8952143 | BX8: ='[1]211'!C63 -> 4.8632029 | BY8: ='[1]211'!B487 -> -7.521918 | BZ8: ='[1]211'!C487 -> 0.20296159 | CA8: ='[1]211'!B540 -> 3.2174081 | CB8: ='[1]211'!C540 -> -13.281327 | CC8: ='[1]211'!B699 -> 1.4367745 | CD8: ='[1]211'!C699 -> 2.3453929 | CE8: - | CF8: - | CG8: - | CH8: - | CI8: ='[1]212'!B10 -> 1.2989195 | CJ8: ='[1]212'!C10 -> 0.44943762 | CK8: ='[1]212'!B63 -> 0.57654885 | CL8: ='[1]212'!C63 -> 2.3679414 | CM8: ='[1]212'!B487 -> 0.21981473 | CN8: ='[1]212'!C487 -> 1.8799937 | CO8: ='[1]212'!B540 -> 0.6652152 | CP8: ='[1]212'!C540 -> 1.45076 | CQ8: ='[1]212'!B699 -> 0.31745616 | CR8: ='[1]212'!C699 -> 0.40576053 | CS8: - | CT8: - | CU8: - | CV8: - | CW8: ='[1]213'!B10 -> 5.537183 | CX8: ='[1]213'!C10 -> 2.4811336 | CY8: ='[1]213'!B63 -> -0.25466971 | CZ8: ='[1]213'!C63 -> 1.7759155 | DA8: ='[1]213'!B487 -> 0.16948621 | DB8: ='[1]213'!C487 -> 1.3812671 | DC8: ='[1]213'!B540 -> 1.1231772 | DD8: ='[1]213'!C540 -> 0.93150885 | DE8: ='[1]213'!B699 -> 1.5727401 | DF8: ='[1]213'!C699 -> 1.3560135 | DG8: - | DH8: - | DI8: - | DJ8: -
A9: 16 | B9: Sumatera Selatan | C9: ='[1]201'!B11 -> 1.7080845e+08 | D9: ='[1]201'!C11 -> 1.8044985e+08 | E9: ='[1]201'!B64 -> 1.0738898e+08 | F9: ='[1]201'!C64 -> 1.1132113e+08 | G9: ='[1]201'!B488 -> 2782936.6 | H9: ='[1]201'!C488 -> 3009943.1 | I9: ='[1]201'!B541 -> 8337197.8 | J9: ='[1]201'!C541 -> 10002364 | K9: ='[1]201'!B700 -> 51815809 | L9: ='[1]201'!C700 -> 53775936 | M9: ='[1]201'!B859 -> -5556.8895 | N9: ='[1]201'!C859 -> 3276.21 | O9: =C9-(E9+G9+I9+K9+M9) -> 489084.98 | P9: =D9-(F9+H9+J9+L9+N9) -> 2337197.4 | Q9: ='[1]202'!B11 -> 95769564 | R9: ='[1]202'!C11 -> 1.0022384e+08 | S9: ='[1]202'!B64 -> 56922389 | T9: ='[1]202'!C64 -> 58882057 | U9: ='[1]202'!B488 -> 1611796.5 | V9: ='[1]202'!C488 -> 1708100.4 | W9: ='[1]202'!B541 -> 4789608.7 | X9: ='[1]202'!C541 -> 5719132.1 | Y9: ='[1]202'!B700 -> 28922893 | Z9: ='[1]202'!C700 -> 29934772 | AA9: ='[1]202'!B859 -> -2704.37 | AB9: ='[1]202'!C859 -> 1591.54 | AC9: =Q9-(S9+U9+W9+Y9+AA9) -> 3525582.1 | AD9: =R9-(T9+V9+X9+Z9+AB9) -> 3978187.3 | AE9: ='[1]205'!B11 -> 100 | AF9: ='[1]205'!C11 -> 100 | AG9: ='[1]205'!B64 -> 62.870998 | AH9: ='[1]205'!C64 -> 61.690898 | AI9: ='[1]205'!B488 -> 1.6292734 | AJ9: ='[1]205'!C488 -> 1.668022 | AK9: ='[1]205'!B541 -> 4.8810219 | AL9: ='[1]205'!C541 -> 5.5430162 | AM9: ='[1]205'!B700 -> 30.335624 | AN9: ='[1]205'!C700 -> 29.801043 | AO9: ='[1]205'!B859 -> -0.0032532873 | AP9: ='[1]205'!C859 -> 0.0018155793 | AQ9: =AE9-(AG9+AI9+AK9+AM9+AO9) -> 0.28633536 | AR9: =AF9-(AH9+AJ9+AL9+AN9+AP9) -> 1.2952061 | AS9: ='[1]209'!B11 -> 0.16469193 | AT9: ='[1]209'!C11 -> 4.6510351 | AU9: ='[1]209'!B64 -> 0.59379156 | AV9: ='[1]209'!C64 -> 3.4427018 | AW9: ='[1]209'!B488 -> 4.9245136 | AX9: ='[1]209'!C488 -> 5.9749407 | AY9: ='[1]209'!B541 -> -38.341365 | AZ9: ='[1]209'!C541 -> 19.407083 | BA9: ='[1]209'!B700 -> -4.535615 | BB9: ='[1]209'!C700 -> 3.4985418 | BC9: - | BD9: - | BE9: - | BF9: - | BG9: ='[1]210'!B11 -> 5.2231764 | BH9: ='[1]210'!C11 -> 5.417332 | BI9: ='[1]210'!B64 -> 4.9061772 | BJ9: ='[1]210'!C64 -> 4.9255805 | BK9: ='[1]210'!B488 -> 1.2120149 | BL9: ='[1]210'!C488 -> 4.9880611 | BM9: ='[1]210'!B541 -> 4.9030283 | BN9: ='[1]210'!C541 -> -3.9798897 | BO9: ='[1]210'!B700 -> 2.2055286 | BP9: ='[1]210'!C700 -> 5.6538843 | BQ9: - | BR9: - | BS9: - | BT9: - | BU9: ='[1]211'!B11 -> 5.2231764 | BV9: ='[1]211'!C11 -> 5.322371 | BW9: ='[1]211'!B64 -> 4.9061772 | BX9: ='[1]211'!C64 -> 4.9160421 | BY9: ='[1]211'!B488 -> 1.2120149 | BZ9: ='[1]211'!C488 -> 3.1202422 | CA9: ='[1]211'!B541 -> 4.9030283 | CB9: ='[1]211'!C541 -> -0.12535249 | CC9: ='[1]211'!B700 -> 2.2055286 | CD9: ='[1]211'!C700 -> 3.9307449 | CE9: - | CF9: - | CG9: - | CH9: - | CI9: ='[1]212'!B11 -> 0.95038392 | CJ9: ='[1]212'!C11 -> 0.94937777 | CK9: ='[1]212'!B64 -> 1.7748626 | CL9: ='[1]212'!C64 -> 0.21161325 | CM9: ='[1]212'!B488 -> 0.40508345 | CN9: ='[1]212'!C488 -> 2.0591112 | CO9: ='[1]212'!B541 -> -1.7689323 | CP9: ='[1]212'!C541 -> 0.47371794 | CQ9: ='[1]212'!B700 -> 0.50704014 | CR9: ='[1]212'!C700 -> 0.27472087 | CS9: - | CT9: - | CU9: - | CV9: - | CW9: ='[1]213'!B11 -> 3.1189196 | CX9: ='[1]213'!C11 -> 3.1420334 | CY9: ='[1]213'!B64 -> 3.3478058 | CZ9: ='[1]213'!C64 -> 2.3842772 | DA9: ='[1]213'!B488 -> 2.6627835 | DB9: ='[1]213'!C488 -> 3.0964154 | DC9: ='[1]213'!B541 -> 8.4470423 | DD9: ='[1]213'!C541 -> 2.6623172 | DE9: ='[1]213'!B700 -> 1.322637 | DF9: ='[1]213'!C700 -> 1.2238112 | DG9: - | DH9: - | DI9: - | DJ9: -
A10: 17 | B10: Bengkulu | C10: ='[1]201'!B12 -> 26535907 | D10: ='[1]201'!C12 -> 28458231 | E10: ='[1]201'!B65 -> 15920505 | F10: ='[1]201'!C65 -> 17291985 | G10: ='[1]201'!B489 -> 654686.66 | H10: ='[1]201'!C489 -> 699229.67 | I10: ='[1]201'!B542 -> 4165955 | J10: ='[1]201'!C542 -> 4626876.5 | K10: ='[1]201'!B701 -> 9335280 | L10: ='[1]201'!C701 -> 10265407 | M10: ='[1]201'!B860 -> -11178.91 | N10: ='[1]201'!C860 -> 443483.66 | O10: =C10-(E10+G10+I10+K10+M10) -> -3529341.3 | P10: =D10-(F10+H10+J10+L10+N10) -> -4868750.6 | Q10: ='[1]202'!B12 -> 13654253 | R10: ='[1]202'!C12 -> 14602946 | S10: ='[1]202'!B65 -> 8981157.4 | T10: ='[1]202'!C65 -> 9619442.4 | U10: ='[1]202'!B489 -> 412033.98 | V10: ='[1]202'!C489 -> 430333.7 | W10: ='[1]202'!B542 -> 2316121.6 | X10: ='[1]202'!C542 -> 2611068 | Y10: ='[1]202'!B701 -> 5532824.1 | Z10: ='[1]202'!C701 -> 5766783 | AA10: ='[1]202'!B860 -> -9185.19 | AB10: ='[1]202'!C860 -> 351389.06 | AC10: =Q10-(S10+U10+W10+Y10+AA10) -> -3578698.8 | AD10: =R10-(T10+V10+X10+Z10+AB10) -> -4176069.7 | AE10: ='[1]205'!B12 -> 100 | AF10: ='[1]205'!C12 -> 100 | AG10: ='[1]205'!B65 -> 59.996086 | AH10: ='[1]205'!C65 -> 60.762684 | AI10: ='[1]205'!B489 -> 2.4671728 | AJ10: ='[1]205'!C489 -> 2.4570385 | AK10: ='[1]205'!B542 -> 15.699313 | AL10: ='[1]205'!C542 -> 16.258483 | AM10: ='[1]205'!B701 -> 35.179804 | AN10: ='[1]205'!C701 -> 36.071838 | AO10: ='[1]205'!B860 -> -0.042127484 | AP10: ='[1]205'!C860 -> 1.558367 | AQ10: =AE10-(AG10+AI10+AK10+AM10+AO10) -> -13.300248 | AR10: =AF10-(AH10+AJ10+AL10+AN10+AP10) -> -17.108409 | AS10: ='[1]209'!B12 -> -2.2730655 | AT10: ='[1]209'!C12 -> 6.9479692 | AU10: ='[1]209'!B65 -> -0.54256697 | AV10: ='[1]209'!C65 -> 7.1069348 | AW10: ='[1]209'!B489 -> 0.71 | AX10: ='[1]209'!C489 -> 4.4413135 | AY10: ='[1]209'!B542 -> -25.923361 | AZ10: ='[1]209'!C542 -> 12.734497 | BA10: ='[1]209'!B701 -> -9.0177319 | BB10: ='[1]209'!C701 -> 4.2285605 | BC10: - | BD10: - | BE10: - | BF10: - | BG10: ='[1]210'!B12 -> 4.8372093 | BH10: ='[1]210'!C12 -> 4.9943363 | BI10: ='[1]210'!B65 -> 5.592109 | BJ10: ='[1]210'!C65 -> 5.6517209 | BK10: ='[1]210'!B489 -> 3.2565284 | BL10: ='[1]210'!C489 -> 11.35 | BM10: ='[1]210'!B542 -> -0.6832954 | BN10: ='[1]210'!C542 -> -0.13517985 | BO10: ='[1]210'!B701 -> 1.3919874 | BP10: ='[1]210'!C701 -> 4.1876457 | BQ10: - | BR10: - | BS10: - | BT10: - | BU10: ='[1]211'!B12 -> 4.8372093 | BV10: ='[1]211'!C12 -> 4.9183517 | BW10: ='[1]211'!B65 -> 5.592109 | BX10: ='[1]211'!C65 -> 5.6229294 | BY10: ='[1]211'!B489 -> 3.2565284 | BZ10: ='[1]211'!C489 -> 7.2385082 | CA10: ='[1]211'!B542 -> -0.6832954 | CB10: ='[1]211'!C542 -> -0.39358384 | CC10: ='[1]211'!B701 -> 1.3919874 | CD10: ='[1]211'!C701 -> 2.7997525 | CE10: - | CF10: - | CG10: - | CH10: - | CI10: ='[1]212'!B12 -> 0.59340087 | CJ10: ='[1]212'!C12 -> 0.27701988 | CK10: ='[1]212'!B65 -> 0.71112528 | CL10: ='[1]212'!C65 -> 1.4075753 | CM10: ='[1]212'!B489 -> -1.0510608 | CN10: ='[1]212'!C489 -> 2.2619408 | CO10: ='[1]212'!B542 -> 3.3229435 | CP10: ='[1]212'!C542 -> -1.4817929 | CQ10: ='[1]212'!B701 -> -4.2227196 | CR10: ='[1]212'!C701 -> 5.5023358 | CS10: - | CT10: - | CU10: - | CV10: - | CW10: ='[1]213'!B12 -> 2.60399 | CX10: ='[1]213'!C12 -> 2.2768528 | CY10: ='[1]213'!B65 -> 0.31136382 | CZ10: ='[1]213'!C65 -> 0.94100357 | DA10: ='[1]213'!B489 -> -0.46 | DB10: ='[1]213'!C489 -> 0.34275007 | DC10: ='[1]213'!B542 -> 1.8271506 | DD10: ='[1]213'!C542 -> 1.8036858 | DE10: ='[1]213'!B701 -> 0.79372757 | DF10: ='[1]213'!C701 -> 1.477422 | DG10: - | DH10: - | DI10: - | DJ10: -
A11: 18 | B11: Lampung | C11: ='[1]201'!B13 -> 1.217066e+08 | D11: ='[1]201'!C13 -> 1.343956e+08 | E11: ='[1]201'!B66 -> 78851092 | F11: ='[1]201'!C66 -> 83874234 | G11: ='[1]201'!B490 -> 2276693.7 | H11: ='[1]201'!C490 -> 2373935.2 | I11: ='[1]201'!B543 -> 6402262.5 | J11: ='[1]201'!C543 -> 7615283.3 | K11: ='[1]201'!B702 -> 37145448 | L11: ='[1]201'!C702 -> 39268987 | M11: ='[1]201'!B861 -> 1097162.6 | N11: ='[1]201'!C861 -> 1090461.8 | O11: =C11-(E11+G11+I11+K11+M11) -> -4066057.8 | P11: =D11-(F11+H11+J11+L11+N11) -> 172694.45 | Q11: ='[1]202'!B13 -> 69559035 | R11: ='[1]202'!C13 -> 76047838 | S11: ='[1]202'!B66 -> 43361615 | T11: ='[1]202'!C66 -> 45522492 | U11: ='[1]202'!B490 -> 1201045.1 | V11: ='[1]202'!C490 -> 1230350.5 | W11: ='[1]202'!B543 -> 3645361.2 | X11: ='[1]202'!C543 -> 4252457.6 | Y11: ='[1]202'!B702 -> 21802872 | Z11: ='[1]202'!C702 -> 23010667 | AA11: ='[1]202'!B861 -> 497284.39 | AB11: ='[1]202'!C861 -> 493084.04 | AC11: =Q11-(S11+U11+W11+Y11+AA11) -> -949142.8 | AD11: =R11-(T11+V11+X11+Z11+AB11) -> 1538787 | AE11: ='[1]205'!B13 -> 100 | AF11: ='[1]205'!C13 -> 100 | AG11: ='[1]205'!B66 -> 64.787851 | AH11: ='[1]205'!C66 -> 62.40847 | AI11: ='[1]205'!B490 -> 1.8706411 | AJ11: ='[1]205'!C490 -> 1.7663787 | AK11: ='[1]205'!B543 -> 5.260407 | AL11: ='[1]205'!C543 -> 5.6663191 | AM11: ='[1]205'!B702 -> 30.520488 | AN11: ='[1]205'!C702 -> 29.218953 | AO11: ='[1]205'!B861 -> 0.90148156 | AP11: ='[1]205'!C861 -> 0.81138212 | AQ11: =AE11-(AG11+AI11+AK11+AM11+AO11) -> -3.3408687 | AR11: =AF11-(AH11+AJ11+AL11+AN11+AP11) -> 0.12849711 | AS11: ='[1]209'!B13 -> -1.1080083 | AT11: ='[1]209'!C13 -> 9.3284828 | AU11: ='[1]209'!B66 -> 0.59219605 | AV11: ='[1]209'!C66 -> 4.9833858 | AW11: ='[1]209'!B490 -> -1.87 | AX11: ='[1]209'!C490 -> 2.44 | AY11: ='[1]209'!B543 -> -39.784583 | AZ11: ='[1]209'!C543 -> 16.653945 | BA11: ='[1]209'!B702 -> -6.7499511 | BB11: ='[1]209'!C702 -> 5.5396126 | BC11: - | BD11: - | BE11: - | BF11: - | BG11: ='[1]210'!B13 -> 5.4662754 | BH11: ='[1]210'!C13 -> 5.0949089 | BI11: ='[1]210'!B66 -> 5.060163 | BJ11: ='[1]210'!C66 -> 4.6695808 | BK11: ='[1]210'!B490 -> 2.2989586 | BL11: ='[1]210'!C490 -> 4.6694498 | BM11: ='[1]210'!B543 -> -1.582 | BN11: ='[1]210'!C543 -> -2.1287198 | BO11: ='[1]210'!B702 -> 1.2554057 | BP11: ='[1]210'!C702 -> 5.3146064 | BQ11: - | BR11: - | BS11: - | BT11: - | BU11: ='[1]211'!B13 -> 5.4662754 | BV11: ='[1]211'!C13 -> 5.2719906 | BW11: ='[1]211'!B66 -> 5.060163 | BX11: ='[1]211'!C66 -> 4.8597607 | BY11: ='[1]211'!B490 -> 2.2989586 | BZ11: ='[1]211'!C490 -> 3.4849149 | CA11: ='[1]211'!B543 -> -1.582 | CB11: ='[1]211'!C543 -> -1.8771295 | CC11: ='[1]211'!B702 -> 1.2554057 | CD11: ='[1]211'!C702 -> 3.2998322 | CE11: - | CF11: - | CG11: - | CH11: - | CI11: ='[1]212'!B13 -> 1.2517225 | CJ11: ='[1]212'!C13 -> 1.00377 | CK11: ='[1]212'!B66 -> 0.8054282 | CL11: ='[1]212'!C66 -> 1.3211907 | CM11: ='[1]212'!B490 -> 0.65813069 | CN11: ='[1]212'!C490 -> 1.787556 | CO11: ='[1]212'!B543 -> 0.4123323 | CP11: ='[1]212'!C543 -> 1.965477 | CQ11: ='[1]212'!B702 -> -0.053957346 | CR11: ='[1]212'!C702 -> 0.16790676 | CS11: - | CT11: - | CU11: - | CV11: - | CW11: ='[1]213'!B13 -> 2.9490465 | CX11: ='[1]213'!C13 -> 2.5754299 | CY11: ='[1]213'!B66 -> 2.0059437 | CZ11: ='[1]213'!C66 -> 2.7575094 | DA11: ='[1]213'!B490 -> 1.5812104 | DB11: ='[1]213'!C490 -> 3.0056101 | DC11: ='[1]213'!B543 -> 1.9062073 | DD11: ='[1]213'!C543 -> 2.3870758 | DE11: ='[1]213'!B702 -> 1.5671039 | DF11: ='[1]213'!C702 -> 1.1313953 | DG11: - | DH11: - | DI11: - | DJ11: -
A12: 19 | B12: Kepulauan Bangka Belitung | C12: ='[1]201'!B14 -> 27416313 | D12: ='[1]201'!C14 -> 29263995 | E12: ='[1]201'!B67 -> 15473811 | F12: ='[1]201'!C67 -> 15830211 | G12: ='[1]201'!B491 -> 231438.27 | H12: ='[1]201'!C491 -> 236219.45 | I12: ='[1]201'!B544 -> 1897018.6 | J12: ='[1]201'!C544 -> 2473001.4 | K12: ='[1]201'!B703 -> 6398702.3 | L12: ='[1]201'!C703 -> 6589243.7 | M12: ='[1]201'!B862 -> 28933.376 | N12: ='[1]201'!C862 -> 30141.235 | O12: =C12-(E12+G12+I12+K12+M12) -> 3386409.7 | P12: =D12-(F12+H12+J12+L12+N12) -> 4105178.7 | Q12: ='[1]202'!B14 -> 15141499 | R12: ='[1]202'!C14 -> 15982308 | S12: ='[1]202'!B67 -> 8300018.8 | T12: ='[1]202'!C67 -> 8453828.7 | U12: ='[1]202'!B491 -> 120666.72 | V12: ='[1]202'!C491 -> 122137.3 | W12: ='[1]202'!B544 -> 1036398.9 | X12: ='[1]202'!C544 -> 1303537.1 | Y12: ='[1]202'!B703 -> 3047493.6 | Z12: ='[1]202'!C703 -> 3113473.7 | AA12: ='[1]202'!B862 -> 8310.3677 | AB12: ='[1]202'!C862 -> 8779.0744 | AC12: =Q12-(S12+U12+W12+Y12+AA12) -> 2628610.8 | AD12: =R12-(T12+V12+X12+Z12+AB12) -> 2980552.3 | AE12: ='[1]205'!B14 -> 100 | AF12: ='[1]205'!C14 -> 100 | AG12: ='[1]205'!B67 -> 56.44016 | AH12: ='[1]205'!C67 -> 54.094496 | AI12: ='[1]205'!B491 -> 0.84416262 | AJ12: ='[1]205'!C491 -> 0.80720164 | AK12: ='[1]205'!B544 -> 6.9193058 | AL12: ='[1]205'!C544 -> 8.4506622 | AM12: ='[1]205'!B703 -> 23.339033 | AN12: ='[1]205'!C703 -> 22.516555 | AO12: ='[1]205'!B862 -> 0.10553343 | AP12: ='[1]205'!C862 -> 0.10299768 | AQ12: =AE12-(AG12+AI12+AK12+AM12+AO12) -> 12.351806 | AR12: =AF12-(AH12+AJ12+AL12+AN12+AP12) -> 14.028087 | AS12: ='[1]209'!B14 -> -3.8726072 | AT12: ='[1]209'!C14 -> 5.5530095 | AU12: ='[1]209'!B67 -> 1.2382926 | AV12: ='[1]209'!C67 -> 1.8531265 | AW12: ='[1]209'!B491 -> 0.66150145 | AX12: ='[1]209'!C491 -> 1.2187148 | AY12: ='[1]209'!B544 -> -43.430813 | AZ12: ='[1]209'!C544 -> 25.775611 | BA12: ='[1]209'!B703 -> -8.73791 | BB12: ='[1]209'!C703 -> 2.1650605 | BC12: - | BD12: - | BE12: - | BF12: - | BG12: ='[1]210'!B14 -> 4.598676 | BH12: ='[1]210'!C14 -> 4.0949779 | BI12: ='[1]210'!B67 -> 1.6922458 | BJ12: ='[1]210'!C67 -> 3.4484644 | BK12: ='[1]210'!B491 -> 3.3475533 | BL12: ='[1]210'!C491 -> 10.30014 | BM12: ='[1]210'!B544 -> -4.676362 | BN12: ='[1]210'!C544 -> -11.769172 | BO12: ='[1]210'!B703 -> -2.8496098 | BP12: ='[1]210'!C703 -> -1.8071788 | BQ12: - | BR12: - | BS12: - | BT12: - | BU12: ='[1]211'!B14 -> 4.598676 | BV12: ='[1]211'!C14 -> 4.3394159 | BW12: ='[1]211'!B67 -> 1.6922458 | BX12: ='[1]211'!C67 -> 2.5708992 | BY12: ='[1]211'!B491 -> 3.3475533 | BZ12: ='[1]211'!C491 -> 6.7317565 | CA12: ='[1]211'!B544 -> -4.676362 | CB12: ='[1]211'!C544 -> -8.7622993 | CC12: ='[1]211'!B703 -> -2.8496098 | CD12: ='[1]211'!C703 -> -2.3255937 | CE12: - | CF12: - | CG12: - | CH12: - | CI12: ='[1]212'!B14 -> 1.3048791 | CJ12: ='[1]212'!C14 -> 1.1239311 | CK12: ='[1]212'!B67 -> 1.5455131 | CL12: ='[1]212'!C67 -> 0.441929 | CM12: ='[1]212'!B491 -> 1.2217925 | CN12: ='[1]212'!C491 -> 0.83694173 | CO12: ='[1]212'!B544 -> -2.1331341 | CP12: ='[1]212'!C544 -> 3.6469057 | CQ12: ='[1]212'!B703 -> 0.019049209 | CR12: ='[1]212'!C703 -> 0.79552825 | CS12: - | CT12: - | CU12: - | CV12: - | CW12: ='[1]213'!B14 -> 4.042472 | CX12: ='[1]213'!C14 -> 3.7121238 | CY12: ='[1]213'!B67 -> 1.4244727 | CZ12: ='[1]213'!C67 -> 1.1404418 | DA12: ='[1]213'!B491 -> 3.8259682 | DB12: ='[1]213'!C491 -> 4.3143403 | DC12: ='[1]213'!B544 -> -1.6011445 | DD12: ='[1]213'!C544 -> 0.94005239 | DE12: ='[1]213'!B703 -> 3.6396152 | DF12: ='[1]213'!C703 -> 2.2810408 | DG12: - | DH12: - | DI12: - | DJ12: -
A13: 21 | B13: Kepulauan Riau | C13: ='[1]201'!B15 -> 91298693 | D13: ='[1]201'!C15 -> 93700807 | E13: ='[1]201'!B68 -> 38258667 | F13: ='[1]201'!C68 -> 39409438 | G13: ='[1]201'!B492 -> 230211.24 | H13: ='[1]201'!C492 -> 249330.53 | I13: ='[1]201'!B545 -> 3044105.8 | J13: ='[1]201'!C545 -> 3653000.4 | K13: ='[1]201'!B704 -> 39654378 | L13: ='[1]201'!C704 -> 41937741 | M13: ='[1]201'!B863 -> -643120.63 | N13: ='[1]201'!C863 -> 1178925.3 | O13: =C13-(E13+G13+I13+K13+M13) -> 10754452 | P13: =D13-(F13+H13+J13+L13+N13) -> 7272372.4 | Q13: ='[1]202'!B15 -> 53855962 | R13: ='[1]202'!C15 -> 55205871 | S13: ='[1]202'!B68 -> 20976528 | T13: ='[1]202'!C68 -> 21493800 | U13: ='[1]202'!B492 -> 121832.1 | V13: ='[1]202'!C492 -> 131338.64 | W13: ='[1]202'!B545 -> 1651413.7 | X13: ='[1]202'!C545 -> 1948067.1 | Y13: ='[1]202'!B704 -> 21750558 | Z13: ='[1]202'!C704 -> 22978578 | AA13: ='[1]202'!B863 -> -341903.44 | AB13: ='[1]202'!C863 -> 625279.09 | AC13: =Q13-(S13+U13+W13+Y13+AA13) -> 9697533.5 | AD13: =R13-(T13+V13+X13+Z13+AB13) -> 8028808.6 | AE13: ='[1]205'!B15 -> 100 | AF13: ='[1]205'!C15 -> 100 | AG13: ='[1]205'!B68 -> 41.904945 | AH13: ='[1]205'!C68 -> 42.058803 | AI13: ='[1]205'!B492 -> 0.25215174 | AJ13: ='[1]205'!C492 -> 0.26609219 | AK13: ='[1]205'!B545 -> 3.3342272 | AL13: ='[1]205'!C545 -> 3.8985795 | AM13: ='[1]205'!B704 -> 43.433675 | AN13: ='[1]205'!C704 -> 44.757076 | AO13: ='[1]205'!B863 -> -0.70441384 | AP13: ='[1]205'!C863 -> 1.2581805 | AQ13: =AE13-(AG13+AI13+AK13+AM13+AO13) -> 11.779415 | AR13: =AF13-(AH13+AJ13+AL13+AN13+AP13) -> 7.7612697 | AS13: ='[1]209'!B15 -> -2.7774016 | AT13: ='[1]209'!C15 -> 2.5065182 | AU13: ='[1]209'!B68 -> 0.67842549 | AV13: ='[1]209'!C68 -> 2.4659588 | AW13: ='[1]209'!B492 -> 1.4647992 | AX13: ='[1]209'!C492 -> 7.802984 | AY13: ='[1]209'!B545 -> -50.062687 | AZ13: ='[1]209'!C545 -> 17.963599 | BA13: ='[1]209'!B704 -> -4.9691453 | BB13: ='[1]209'!C704 -> 5.6459217 | BC13: - | BD13: - | BE13: - | BF13: - | BG13: ='[1]210'!B15 -> 5.1575949 | BH13: ='[1]210'!C15 -> 7.136161 | BI13: ='[1]210'!B68 -> 3.1484396 | BJ13: ='[1]210'!C68 -> 3.900706 | BK13: ='[1]210'!B492 -> -0.99436951 | BL13: ='[1]210'!C492 -> 9.7087591 | BM13: ='[1]210'!B545 -> 4.8564083 | BN13: ='[1]210'!C545 -> -15.322789 | BO13: ='[1]210'!B704 -> 3.2667008 | BP13: ='[1]210'!C704 -> 8.6981068 | BQ13: - | BR13: - | BS13: - | BT13: - | BU13: ='[1]211'!B15 -> 5.1575949 | BV13: ='[1]211'!C15 -> 6.1499031 | BW13: ='[1]211'!B68 -> 3.1484396 | BX13: ='[1]211'!C68 -> 3.5277875 | BY13: ='[1]211'!B492 -> -0.99436951 | BZ13: ='[1]211'!C492 -> 4.2835691 | CA13: ='[1]211'!B545 -> 4.8564083 | CB13: ='[1]211'!C545 -> -7.1223695 | CC13: ='[1]211'!B704 -> 3.2667008 | CD13: ='[1]211'!C704 -> 5.9873784 | CE13: - | CF13: - | CG13: - | CH13: - | CI13: ='[1]212'!B15 -> 0.4930262 | CJ13: ='[1]212'!C15 -> 0.12148652 | CK13: ='[1]212'!B68 -> 1.0780312 | CL13: ='[1]212'!C68 -> 0.52886751 | CM13: ='[1]212'!B492 -> 0.15155045 | CN13: ='[1]212'!C492 -> 0.46577647 | CO13: ='[1]212'!B545 -> -0.96167033 | CP13: ='[1]212'!C545 -> 1.7283409 | CQ13: ='[1]212'!B704 -> 0.52114178 | CR13: ='[1]212'!C704 -> 0.10624247 | CS13: - | CT13: - | CU13: - | CV13: - | CW13: ='[1]213'!B15 -> 1.5114037 | CX13: ='[1]213'!C15 -> 0.88201063 | CY13: ='[1]213'!B68 -> 2.2777399 | CZ13: ='[1]213'!C68 -> 2.2780278 | DA13: ='[1]213'!B492 -> 1.4350643 | DB13: ='[1]213'!C492 -> 1.1005074 | DC13: ='[1]213'!B545 -> 2.7010788 | DD13: ='[1]213'!C545 -> 3.0670819 | DE13: ='[1]213'!B704 -> 1.0938024 | DF13: ='[1]213'!C704 -> 0.88209877 | DG13: - | DH13: - | DI13: - | DJ13: -
A14: 31 | B14: Dki Jakarta | C14: ='[1]201'!B17 -> 9.574988e+08 | D14: ='[1]201'!C17 -> 9.7663019e+08 | E14: ='[1]201'!B70 -> 5.8910344e+08 | F14: ='[1]201'!C70 -> 6.2029857e+08 | G14: ='[1]201'!B494 -> 22008822 | H14: ='[1]201'!C494 -> 22787125 | I14: ='[1]201'!B547 -> 1.1540799e+08 | J14: ='[1]201'!C547 -> 1.1478846e+08 | K14: ='[1]201'!B706 -> 3.1112408e+08 | L14: ='[1]201'!C706 -> 3.2164192e+08 | M14: ='[1]201'!B865 -> 5509981.5 | N14: ='[1]201'!C865 -> 6401304.9 | O14: =C14-(E14+G14+I14+K14+M14) -> -85655514 | P14: =D14-(F14+H14+J14+L14+N14) -> -1.0928719e+08 | Q14: ='[1]202'!B17 -> 5.5424553e+08 | R14: ='[1]202'!C17 -> 5.6309396e+08 | S14: ='[1]202'!B70 -> 3.2215337e+08 | T14: ='[1]202'!C70 -> 3.333769e+08 | U14: ='[1]202'!B494 -> 13190941 | V14: ='[1]202'!C494 -> 13316213 | W14: ='[1]202'!B547 -> 62207209 | X14: ='[1]202'!C547 -> 60617144 | Y14: ='[1]202'!B706 -> 1.9785209e+08 | Z14: ='[1]202'!C706 -> 2.0423871e+08 | AA14: ='[1]202'!B865 -> 2209428.5 | AB14: ='[1]202'!C865 -> 2560795.7 | AC14: =Q14-(S14+U14+W14+Y14+AA14) -> -43367502 | AD14: =R14-(T14+V14+X14+Z14+AB14) -> -51015807 | AE14: ='[1]205'!B17 -> 100 | AF14: ='[1]205'!C17 -> 100 | AG14: ='[1]205'!B70 -> 61.52524 | AH14: ='[1]205'!C70 -> 63.514171 | AI14: ='[1]205'!B494 -> 2.2985744 | AJ14: ='[1]205'!C494 -> 2.3332399 | AK14: ='[1]205'!B547 -> 12.053069 | AL14: ='[1]205'!C547 -> 11.753524 | AM14: ='[1]205'!B706 -> 32.493417 | AN14: ='[1]205'!C706 -> 32.93385 | AO14: ='[1]205'!B865 -> 0.5754557 | AP14: ='[1]205'!C865 -> 0.65544819 | AQ14: =AE14-(AG14+AI14+AK14+AM14+AO14) -> -8.9457568 | AR14: =AF14-(AH14+AJ14+AL14+AN14+AP14) -> -11.190232 | AS14: ='[1]209'!B17 -> 0.58917366 | AT14: ='[1]209'!C17 -> 1.5964805 | AU14: ='[1]209'!B70 -> 0.28991143 | AV14: ='[1]209'!C70 -> 3.4839091 | AW14: ='[1]209'!B494 -> 0.50996004 | AX14: ='[1]209'!C494 -> 0.94968365 | AY14: ='[1]209'!B547 -> -16.857947 | AZ14: ='[1]209'!C547 -> -2.5560783 | BA14: ='[1]209'!B706 -> -7.0341102 | BB14: ='[1]209'!C706 -> 3.2279781 | BC14: - | BD14: - | BE14: - | BF14: - | BG14: ='[1]210'!B17 -> 4.9545249 | BH14: ='[1]210'!C17 -> 5.1797077 | BI14: ='[1]210'!B70 -> 5.361919 | BJ14: ='[1]210'!C70 -> 5.1315771 | BK14: ='[1]210'!B494 -> 3.4496836 | BL14: ='[1]210'!C494 -> 4.5823071 | BM14: ='[1]210'!B547 -> 9.752957 | BN14: ='[1]210'!C547 -> 5.1615507 | BO14: ='[1]210'!B706 -> 2.8927201 | BP14: ='[1]210'!C706 -> 5.4977712 | BQ14: - | BR14: - | BS14: - | BT14: - | BU14: ='[1]211'!B17 -> 4.9545249 | BV14: ='[1]211'!C17 -> 5.0678873 | BW14: ='[1]211'!B70 -> 5.361919 | BX14: ='[1]211'!C70 -> 5.2446501 | BY14: ='[1]211'!B494 -> 3.4496836 | BZ14: ='[1]211'!C494 -> 4.0155885 | CA14: ='[1]211'!B547 -> 9.752957 | CB14: ='[1]211'!C547 -> 7.4379232 | CC14: ='[1]211'!B706 -> 2.8927201 | CD14: ='[1]211'!C706 -> 4.1996526 | CE14: - | CF14: - | CG14: - | CH14: - | CI14: ='[1]212'!B17 -> 0.50295145 | CJ14: ='[1]212'!C17 -> 0.39526763 | CK14: ='[1]212'!B70 -> -0.011555002 | CL14: ='[1]212'!C70 -> 1.7504632 | CM14: ='[1]212'!B494 -> -0.69938922 | CN14: ='[1]212'!C494 -> 2.5623048 | CO14: ='[1]212'!B547 -> -4.1292651 | CP14: ='[1]212'!C547 -> 2.0722256 | CQ14: ='[1]212'!B706 -> 0.26513286 | CR14: ='[1]212'!C706 -> 0.14784223 | CS14: - | CT14: - | CU14: - | CV14: - | CW14: ='[1]213'!B17 -> 1.8149056 | CX14: ='[1]213'!C17 -> 1.3838662 | CY14: ='[1]213'!B70 -> 0.84568365 | CZ14: ='[1]213'!C70 -> 1.9449149 | DA14: ='[1]213'!B494 -> 0.18855555 | DB14: ='[1]213'!C494 -> 2.1164525 | DC14: ='[1]213'!B547 -> 1.0032163 | DD14: ='[1]213'!C547 -> 1.0739205 | DE14: ='[1]213'!B706 -> 0.90109918 | DF14: ='[1]213'!C706 -> 0.8665657 | DG14: - | DH14: - | DI14: - | DJ14: -
A15: 32 | B15: Jawa Barat | C15: ='[1]201'!B18 -> 7.3393861e+08 | D15: ='[1]201'!C18 -> 7.5518765e+08 | E15: ='[1]201'!B71 -> 4.8138277e+08 | F15: ='[1]201'!C71 -> 5.0268076e+08 | G15: ='[1]201'!B495 -> 4960597.3 | H15: ='[1]201'!C495 -> 5209412.8 | I15: ='[1]201'!B548 -> 26070615 | J15: ='[1]201'!C548 -> 32799808 | K15: ='[1]201'!B707 -> 1.7744875e+08 | L15: ='[1]201'!C707 -> 1.8310208e+08 | M15: ='[1]201'!B866 -> -276459.16 | N15: ='[1]201'!C866 -> 227366.59 | O15: =C15-(E15+G15+I15+K15+M15) -> 44352340 | P15: =D15-(F15+H15+J15+L15+N15) -> 31168220 | Q15: ='[1]202'!B18 -> 4.4931429e+08 | R15: ='[1]202'!C18 -> 4.5980497e+08 | S15: ='[1]202'!B71 -> 2.6861165e+08 | T15: ='[1]202'!C71 -> 2.7825963e+08 | U15: ='[1]202'!B495 -> 3038623.3 | V15: ='[1]202'!C495 -> 3099699.6 | W15: ='[1]202'!B548 -> 14611758 | X15: ='[1]202'!C548 -> 18205469 | Y15: ='[1]202'!B707 -> 1.0453564e+08 | Z15: ='[1]202'!C707 -> 1.0768991e+08 | AA15: ='[1]202'!B866 -> -143601.6 | AB15: ='[1]202'!C866 -> 116826.35 | AC15: =Q15-(S15+U15+W15+Y15+AA15) -> 58660216 | AD15: =R15-(T15+V15+X15+Z15+AB15) -> 52433441 | AE15: ='[1]205'!B18 -> 100 | AF15: ='[1]205'!C18 -> 100 | AG15: ='[1]205'!B71 -> 65.588969 | AH15: ='[1]205'!C71 -> 66.563689 | AI15: ='[1]205'!B495 -> 0.67588722 | AJ15: ='[1]205'!C495 -> 0.689817 | AK15: ='[1]205'!B548 -> 3.552152 | AL15: ='[1]205'!C548 -> 4.3432659 | AM15: ='[1]205'!B707 -> 24.177601 | AN15: ='[1]205'!C707 -> 24.245905 | AO15: ='[1]205'!B866 -> -0.037667886 | AP15: ='[1]205'!C866 -> 0.030107297 | AQ15: =AE15-(AG15+AI15+AK15+AM15+AO15) -> 6.0430586 | AR15: =AF15-(AH15+AJ15+AL15+AN15+AP15) -> 4.1272153 | AS15: ='[1]209'!B18 -> 0.27912987 | AT15: ='[1]209'!C18 -> 2.3348203 | AU15: ='[1]209'!B71 -> 0.31590316 | AV15: ='[1]209'!C71 -> 3.5917949 | AW15: ='[1]209'!B495 -> 2.4075743 | AX15: ='[1]209'!C495 -> 2.01 | AY15: ='[1]209'!B548 -> -43.214739 | AZ15: ='[1]209'!C548 -> 24.594653 | BA15: ='[1]209'!B707 -> -2.4886 | BB15: ='[1]209'!C707 -> 3.0174031 | BC15: - | BD15: - | BE15: - | BF15: - | BG15: ='[1]210'!B18 -> 4.9846801 | BH15: ='[1]210'!C18 -> 5.2307802 | BI15: ='[1]210'!B71 -> 5.0104831 | BJ15: ='[1]210'!C71 -> 4.7639612 | BK15: ='[1]210'!B495 -> 5.83 | BL15: ='[1]210'!C495 -> 6.7812098 | BM15: ='[1]210'!B548 -> 0.18197808 | BN15: ='[1]210'!C548 -> -2.0161724 | BO15: ='[1]210'!B707 -> 3.1152281 | BP15: ='[1]210'!C707 -> 6.7878177 | BQ15: - | BR15: - | BS15: - | BT15: - | BU15: ='[1]211'!B18 -> 4.9846801 | BV15: ='[1]211'!C18 -> 5.109006 | BW15: ='[1]211'!B71 -> 5.0104831 | BX15: ='[1]211'!C71 -> 4.8849028 | BY15: ='[1]211'!B495 -> 5.83 | BZ15: ='[1]211'!C495 -> 6.3082095 | CA15: ='[1]211'!B548 -> 0.18197808 | CB15: ='[1]211'!C548 -> -1.0494841 | CC15: ='[1]211'!B707 -> 3.1152281 | CD15: ='[1]211'!C707 -> 4.9466852 | CE15: - | CF15: - | CG15: - | CH15: - | CI15: ='[1]212'!B18 -> 0.99402948 | CJ15: ='[1]212'!C18 -> 0.54760031 | CK15: ='[1]212'!B71 -> 0.2693999 | CL15: ='[1]212'!C71 -> 0.80367394 | CM15: ='[1]212'!B495 -> -1.4038475 | CN15: ='[1]212'!C495 -> 2.9466105 | CO15: ='[1]212'!B548 -> 0.015169903 | CP15: ='[1]212'!C548 -> 0.97656865 | CQ15: ='[1]212'!B707 -> 0.42442303 | CR15: ='[1]212'!C707 -> 0.16355928 | CS15: - | CT15: - | CU15: - | CV15: - | CW15: ='[1]213'!B18 -> 2.2603782 | CX15: ='[1]213'!C18 -> 1.5736939 | CY15: ='[1]213'!B71 -> 1.1036662 | CZ15: ='[1]213'!C71 -> 1.4703565 | DA15: ='[1]213'!B495 -> -0.55482547 | DB15: ='[1]213'!C495 -> 1.7439178 | DC15: ='[1]213'!B548 -> 0.44273804 | DD15: ='[1]213'!C548 -> 0.40192024 | DE15: ='[1]213'!B707 -> 1.1004296 | DF15: ='[1]213'!C707 -> 0.87860353 | DG15: - | DH15: - | DI15: - | DJ15: -
A16: 33 | B16: Jawa Tengah | C16: ='[1]201'!B19 -> 4.7294989e+08 | D16: ='[1]201'!C19 -> 4.8326003e+08 | E16: ='[1]201'!B72 -> 2.8563572e+08 | F16: ='[1]201'!C72 -> 2.9750982e+08 | G16: ='[1]201'!B496 -> 6389814 | H16: ='[1]201'!C496 -> 6626006.3 | I16: ='[1]201'!B549 -> 20702020 | J16: ='[1]201'!C549 -> 28485398 | K16: ='[1]201'!B708 -> 1.3642012e+08 | L16: ='[1]201'!C708 -> 1.4522024e+08 | M16: ='[1]201'!B867 -> 3860772.5 | N16: ='[1]201'!C867 -> 4020049 | O16: =C16-(E16+G16+I16+K16+M16) -> 19941455 | P16: =D16-(F16+H16+J16+L16+N16) -> 1398519.6 | Q16: ='[1]202'!B19 -> 2.9819532e+08 | R16: ='[1]202'!C19 -> 3.0377885e+08 | S16: ='[1]202'!B72 -> 1.7515397e+08 | T16: ='[1]202'!C72 -> 1.8039636e+08 | U16: ='[1]202'!B496 -> 3427177.2 | V16: ='[1]202'!C496 -> 3491020.6 | W16: ='[1]202'!B549 -> 11742863 | X16: ='[1]202'!C549 -> 16029937 | Y16: ='[1]202'!B708 -> 82036665 | Z16: ='[1]202'!C708 -> 87157403 | AA16: ='[1]202'!B867 -> 2676706.7 | AB16: ='[1]202'!C867 -> 2738344.2 | AC16: =Q16-(S16+U16+W16+Y16+AA16) -> 23157943 | AD16: =R16-(T16+V16+X16+Z16+AB16) -> 13965793 | AE16: ='[1]205'!B19 -> 100 | AF16: ='[1]205'!C19 -> 100 | AG16: ='[1]205'!B72 -> 60.394499 | AH16: ='[1]205'!C72 -> 61.563092 | AI16: ='[1]205'!B496 -> 1.3510552 | AJ16: ='[1]205'!C496 -> 1.3711058 | AK16: ='[1]205'!B549 -> 4.3772121 | AL16: ='[1]205'!C549 -> 5.8944246 | AM16: ='[1]205'!B708 -> 28.844518 | AN16: ='[1]205'!C708 -> 30.050124 | AO16: ='[1]205'!B867 -> 0.81631744 | AP16: ='[1]205'!C867 -> 0.83186044 | AQ16: =AE16-(AG16+AI16+AK16+AM16+AO16) -> 4.216399 | AR16: =AF16-(AH16+AJ16+AL16+AN16+AP16) -> 0.28939277 | AS16: ='[1]209'!B19 -> 1.8073914 | AT16: ='[1]209'!C19 -> 1.8724411 | AU16: ='[1]209'!B72 -> 0.68034363 | AV16: ='[1]209'!C72 -> 2.993018 | AW16: ='[1]209'!B496 -> 0.75956376 | AX16: ='[1]209'!C496 -> 1.8628567 | AY16: ='[1]209'!B549 -> -47.143353 | AZ16: ='[1]209'!C549 -> 36.507907 | BA16: ='[1]209'!B708 -> -9.6486189 | BB16: ='[1]209'!C708 -> 6.2420113 | BC16: - | BD16: - | BE16: - | BF16: - | BG16: ='[1]210'!B19 -> 4.9697127 | BH16: ='[1]210'!C19 -> 5.2832694 | BI16: ='[1]210'!B72 -> 4.9832302 | BJ16: ='[1]210'!C72 -> 4.7639628 | BK16: ='[1]210'!B496 -> 1.4825794 | BL16: ='[1]210'!C496 -> 3.2624277 | BM16: ='[1]210'!B549 -> -1.0399075 | BN16: ='[1]210'!C549 -> -2.7371468 | BO16: ='[1]210'!B708 -> 4.5544945 | BP16: ='[1]210'!C708 -> 8.6490002 | BQ16: - | BR16: - | BS16: - | BT16: - | BU16: ='[1]211'!B19 -> 4.9697127 | BV16: ='[1]211'!C19 -> 5.1277114 | BW16: ='[1]211'!B72 -> 4.9832302 | BX16: ='[1]211'!C72 -> 4.8718655 | BY16: ='[1]211'!B496 -> 1.4825794 | BZ16: ='[1]211'!C496 -> 2.37298 | CA16: ='[1]211'!B549 -> -1.0399075 | CB16: ='[1]211'!C549 -> -2.0266778 | CC16: ='[1]211'!B708 -> 4.5544945 | CD16: ='[1]211'!C708 -> 6.6244047 | CE16: - | CF16: - | CG16: - | CH16: - | CI16: ='[1]212'!B19 -> 0.79547334 | CJ16: ='[1]212'!C19 -> 0.30187106 | CK16: ='[1]212'!B72 -> -0.10204947 | CL16: ='[1]212'!C72 -> 1.130233 | CM16: ='[1]212'!B496 -> -0.04011636 | CN16: ='[1]212'!C496 -> 1.8000009 | CO16: ='[1]212'!B549 -> 1.941038 | CP16: ='[1]212'!C549 -> 0.79796507 | CQ16: ='[1]212'!B708 -> 0.20948302 | CR16: ='[1]212'!C708 -> 0.19647787 | CS16: - | CT16: - | CU16: - | CV16: - | CW16: ='[1]213'!B19 -> 1.2827322 | CX16: ='[1]213'!C19 -> 1.2589802 | CY16: ='[1]213'!B72 -> 0.80329806 | CZ16: ='[1]213'!C72 -> 1.5028532 | DA16: ='[1]213'!B496 -> 0.23344944 | DB16: ='[1]213'!C496 -> 1.9980021 | DC16: ='[1]213'!B549 -> 1.1677553 | DD16: ='[1]213'!C549 -> 0.72535312 | DE16: ='[1]213'!B708 -> 1.9923168 | DF16: ='[1]213'!C708 -> 1.0754313 | DG16: - | DH16: - | DI16: - | DJ16: -
A17: 34 | B17: Di Yogyakarta | C17: ='[1]201'!B20 -> 50945360 | D17: ='[1]201'!C20 -> 51763128 | E17: ='[1]201'!B73 -> 31192896 | F17: ='[1]201'!C73 -> 32224888 | G17: ='[1]201'!B497 -> 1627811.6 | H17: ='[1]201'!C497 -> 1644519.9 | I17: ='[1]201'!B550 -> 6551785.6 | J17: ='[1]201'!C550 -> 6989000.5 | K17: ='[1]201'!B709 -> 16583457 | L17: ='[1]201'!C709 -> 17900530 | M17: ='[1]201'!B868 -> 668104.73 | N17: ='[1]201'!C868 -> 1035918.2 | O17: =C17-(E17+G17+I17+K17+M17) -> -5678695.1 | P17: =D17-(F17+H17+J17+L17+N17) -> -8031728.5 | Q17: ='[1]202'!B20 -> 32249180 | R17: ='[1]202'!C20 -> 32636417 | S17: ='[1]202'!B73 -> 17108111 | T17: ='[1]202'!C73 -> 17527967 | U17: ='[1]202'!B497 -> 887034.74 | V17: ='[1]202'!C497 -> 894463.39 | W17: ='[1]202'!B550 -> 3487626.2 | X17: ='[1]202'!C550 -> 3691659 | Y17: ='[1]202'!B709 -> 8346904.4 | Z17: ='[1]202'!C709 -> 8992056.9 | AA17: ='[1]202'!B868 -> 429724.78 | AB17: ='[1]202'!C868 -> 665409.02 | AC17: =Q17-(S17+U17+W17+Y17+AA17) -> 1989778.5 | AD17: =R17-(T17+V17+X17+Z17+AB17) -> 864861.6 | AE17: ='[1]205'!B20 -> 100 | AF17: ='[1]205'!C20 -> 100 | AG17: ='[1]205'!B73 -> 61.22814 | AH17: ='[1]205'!C73 -> 62.254522 | AI17: ='[1]205'!B497 -> 3.1952108 | AJ17: ='[1]205'!C497 -> 3.1770103 | AK17: ='[1]205'!B550 -> 12.860417 | AL17: ='[1]205'!C550 -> 13.50189 | AM17: ='[1]205'!B709 -> 32.551456 | AN17: ='[1]205'!C709 -> 34.581624 | AO17: ='[1]205'!B868 -> 1.3114143 | AP17: ='[1]205'!C868 -> 2.0012667 | AQ17: =AE17-(AG17+AI17+AK17+AM17+AO17) -> -11.146638 | AR17: =AF17-(AH17+AJ17+AL17+AN17+AP17) -> -15.516312 | AS17: ='[1]209'!B20 -> 0.96991442 | AT17: ='[1]209'!C20 -> 1.2007654 | AU17: ='[1]209'!B73 -> 0.68592213 | AV17: ='[1]209'!C73 -> 2.454132 | AW17: ='[1]209'!B497 -> 0.6307189 | AX17: ='[1]209'!C497 -> 0.83747065 | AY17: ='[1]209'!B550 -> -24.67747 | AZ17: ='[1]209'!C550 -> 5.8501926 | BA17: ='[1]209'!B709 -> -8.558475 | BB17: ='[1]209'!C709 -> 7.7292431 | BC17: - | BD17: - | BE17: - | BF17: - | BG17: ='[1]210'!B20 -> 5.1122338 | BH17: ='[1]210'!C20 -> 5.4928891 | BI17: ='[1]210'!B73 -> 4.8019803 | BJ17: ='[1]210'!C73 -> 4.4301306 | BK17: ='[1]210'!B497 -> -1.465072 | BL17: ='[1]210'!C497 -> 4.1332315 | BM17: ='[1]210'!B550 -> 2.2583102 | BN17: ='[1]210'!C550 -> 2.0047982 | BO17: ='[1]210'!B709 -> 4.5757653 | BP17: ='[1]210'!C709 -> 8.2261198 | BQ17: - | BR17: - | BS17: - | BT17: - | BU17: ='[1]211'!B20 -> 5.1122338 | BV17: ='[1]211'!C20 -> 5.3033533 | BW17: ='[1]211'!B73 -> 4.8019803 | BX17: ='[1]211'!C73 -> 4.6134713 | BY17: ='[1]211'!B497 -> -1.465072 | BZ17: ='[1]211'!C497 -> 1.2684234 | CA17: ='[1]211'!B550 -> 2.2583102 | CB17: ='[1]211'!C550 -> 2.1277946 | CC17: ='[1]211'!B709 -> 4.5757653 | CD17: ='[1]211'!C709 -> 6.437569 | CE17: - | CF17: - | CG17: - | CH17: - | CI17: ='[1]212'!B20 -> 1.4248926 | CJ17: ='[1]212'!C20 -> 0.39962231 | CK17: ='[1]212'!B73 -> 0.55825716 | CL17: ='[1]212'!C73 -> 0.83382234 | CM17: ='[1]212'!B497 -> 0.36748999 | CN17: ='[1]212'!C497 -> 0.18738605 | CO17: ='[1]212'!B550 -> -0.40408156 | CP17: ='[1]212'!C550 -> 0.77753768 | CQ17: ='[1]212'!B709 -> 1.2305475 | CR17: ='[1]212'!C709 -> 0.19757808 | CS17: - | CT17: - | CU17: - | CV17: - | CW17: ='[1]213'!B20 -> 1.8716941 | CX17: ='[1]213'!C20 -> 2.0645462 | CY17: ='[1]213'!B73 -> 1.8493575 | CZ17: ='[1]213'!C73 -> 2.6980012 | DA17: ='[1]213'!B497 -> 1.7979168 | DB17: ='[1]213'!C497 -> 1.0906139 | DC17: ='[1]213'!B550 -> 2.2696957 | DD17: ='[1]213'!C550 -> 2.2395582 | DE17: ='[1]213'!B709 -> 3.022766 | DF17: ='[1]213'!C709 -> 2.4928467 | DG17: - | DH17: - | DI17: - | DJ17: -
A18: 35 | B18: Jawa Timur | C18: ='[1]201'!B21 -> 8.1929946e+08 | D18: ='[1]201'!C21 -> 8.492992e+08 | E18: ='[1]201'!B74 -> 4.992802e+08 | F18: ='[1]201'!C74 -> 5.1790845e+08 | G18: ='[1]201'!B498 -> 10742342 | H18: ='[1]201'!C498 -> 10802427 | I18: ='[1]201'!B551 -> 25863143 | J18: ='[1]201'!C551 -> 31091359 | K18: ='[1]201'!B710 -> 2.1427808e+08 | L18: ='[1]201'!C710 -> 2.2582924e+08 | M18: ='[1]201'!B869 -> 4879456.1 | N18: ='[1]201'!C869 -> 7318291.2 | O18: =C18-(E18+G18+I18+K18+M18) -> 64256244 | P18: =D18-(F18+H18+J18+L18+N18) -> 56349433 | Q18: ='[1]202'!B21 -> 4.9418772e+08 | R18: ='[1]202'!C21 -> 5.0945391e+08 | S18: ='[1]202'!B74 -> 2.9645914e+08 | T18: ='[1]202'!C74 -> 3.0488557e+08 | U18: ='[1]202'!B498 -> 5829272.4 | V18: ='[1]202'!C498 -> 5835036.2 | W18: ='[1]202'!B551 -> 16479596 | X18: ='[1]202'!C551 -> 19185345 | Y18: ='[1]202'!B710 -> 1.2636562e+08 | Z18: ='[1]202'!C710 -> 1.3264522e+08 | AA18: ='[1]202'!B869 -> 2648500.8 | AB18: ='[1]202'!C869 -> 3958084.4 | AC18: =Q18-(S18+U18+W18+Y18+AA18) -> 46405593 | AD18: =R18-(T18+V18+X18+Z18+AB18) -> 42944651 | AE18: ='[1]205'!B21 -> 100 | AF18: ='[1]205'!C21 -> 100 | AG18: ='[1]205'!B74 -> 60.939891 | AH18: ='[1]205'!C74 -> 60.980683 | AI18: ='[1]205'!B498 -> 1.3111618 | AJ18: ='[1]205'!C498 -> 1.2719225 | AK18: ='[1]205'!B551 -> 3.1567387 | AL18: ='[1]205'!C551 -> 3.6608252 | AM18: ='[1]205'!B710 -> 26.153817 | AN18: ='[1]205'!C710 -> 26.590068 | AO18: ='[1]205'!B869 -> 0.59556442 | AP18: ='[1]205'!C869 -> 0.86168586 | AQ18: =AE18-(AG18+AI18+AK18+AM18+AO18) -> 7.8428276 | AR18: =AF18-(AH18+AJ18+AL18+AN18+AP18) -> 6.6348152 | AS18: ='[1]209'!B21 -> 1.1365497 | AT18: ='[1]209'!C21 -> 3.0891477 | AU18: ='[1]209'!B74 -> 0.7737266 | AV18: ='[1]209'!C74 -> 2.8423579 | AW18: ='[1]209'!B498 -> -0.96440125 | AX18: ='[1]209'!C498 -> 0.098876834 | AY18: ='[1]209'!B551 -> -23.837107 | AZ18: ='[1]209'!C551 -> 16.418784 | BA18: ='[1]209'!B710 -> -6.4026801 | BB18: ='[1]209'!C710 -> 4.9693928 | BC18: - | BD18: - | BE18: - | BF18: - | BG18: ='[1]210'!B21 -> 5.0048659 | BH18: ='[1]210'!C21 -> 5.234076 | BI18: ='[1]210'!B74 -> 5.116112 | BJ18: ='[1]210'!C74 -> 4.8507301 | BK18: ='[1]210'!B498 -> 6.5295368 | BL18: ='[1]210'!C498 -> 6.4185699 | BM18: ='[1]210'!B551 -> 1.9246334 | BN18: ='[1]210'!C551 -> -0.54904388 | BO18: ='[1]210'!B710 -> 2.203234 | BP18: ='[1]210'!C710 -> 6.1299783 | BQ18: - | BR18: - | BS18: - | BT18: - | BU18: ='[1]211'!B21 -> 5.0048659 | BV18: ='[1]211'!C21 -> 5.1210893 | BW18: ='[1]211'!B74 -> 5.116112 | BX18: ='[1]211'!C74 -> 4.981394 | BY18: ='[1]211'!B498 -> 6.5295368 | BZ18: ='[1]211'!C498 -> 6.4739971 | CA18: ='[1]211'!B551 -> 1.9246334 | CB18: ='[1]211'!C551 -> 0.57886932 | CC18: ='[1]211'!B710 -> 2.203234 | CD18: ='[1]211'!C710 -> 4.1772057 | CE18: - | CF18: - | CG18: - | CH18: - | CI18: ='[1]212'!B21 -> 0.95289576 | CJ18: ='[1]212'!C21 -> 0.55533057 | CK18: ='[1]212'!B74 -> 0.64338274 | CL18: ='[1]212'!C74 -> 0.86410359 | CM18: ='[1]212'!B498 -> 0.39389792 | CN18: ='[1]212'!C498 -> 0.46000364 | CO18: ='[1]212'!B551 -> -11.318409 | CP18: ='[1]212'!C551 -> 3.260766 | CQ18: ='[1]212'!B710 -> 0.55556289 | CR18: ='[1]212'!C710 -> 0.40139369 | CS18: - | CT18: - | CU18: - | CV18: - | CW18: ='[1]213'!B21 -> 2.0868864 | CX18: ='[1]213'!C21 -> 1.769567 | CY18: ='[1]213'!B74 -> 1.2885954 | CZ18: ='[1]213'!C74 -> 1.473575 | DA18: ='[1]213'!B498 -> 1.2764362 | DB18: ='[1]213'!C498 -> 1.1954564 | DC18: ='[1]213'!B551 -> 10.268361 | DD18: ='[1]213'!C551 -> 2.9201597 | DE18: ='[1]213'!B710 -> 1.9743118 | DF18: ='[1]213'!C710 -> 2.2105733 | DG18: - | DH18: - | DI18: - | DJ18: -
A19: 36 | B19: Banten | C19: ='[1]201'!B22 -> 2.2791701e+08 | D19: ='[1]201'!C22 -> 2.322301e+08 | E19: ='[1]201'!B75 -> 1.2049909e+08 | F19: ='[1]201'!C75 -> 1.229831e+08 | G19: ='[1]201'!B499 -> 1031443.2 | H19: ='[1]201'!C499 -> 1071704.7 | I19: ='[1]201'!B552 -> 8477630.4 | J19: ='[1]201'!C552 -> 9442989.2 | K19: ='[1]201'!B711 -> 76297400 | L19: ='[1]201'!C711 -> 82102753 | M19: ='[1]201'!B870 -> 42412.522 | N19: ='[1]201'!C870 -> 69240.457 | O19: =C19-(E19+G19+I19+K19+M19) -> 21569035 | P19: =D19-(F19+H19+J19+L19+N19) -> 16560304 | Q19: ='[1]202'!B22 -> 1.3722103e+08 | R19: ='[1]202'!C22 -> 1.3912436e+08 | S19: ='[1]202'!B75 -> 75707932 | T19: ='[1]202'!C75 -> 76877101 | U19: ='[1]202'!B499 -> 625609.57 | V19: ='[1]202'!C499 -> 648997.55 | W19: ='[1]202'!B552 -> 4228298.8 | X19: ='[1]202'!C552 -> 4614868.5 | Y19: ='[1]202'!B711 -> 41536829 | Z19: ='[1]202'!C711 -> 44337916 | AA19: ='[1]202'!B870 -> 27859.523 | AB19: ='[1]202'!C870 -> 44540.811 | AC19: =Q19-(S19+U19+W19+Y19+AA19) -> 15094503 | AD19: =R19-(T19+V19+X19+Z19+AB19) -> 12600934 | AE19: ='[1]205'!B22 -> 100 | AF19: ='[1]205'!C22 -> 100 | AG19: ='[1]205'!B75 -> 52.869723 | AH19: ='[1]205'!C75 -> 52.957436 | AI19: ='[1]205'!B499 -> 0.45255207 | AJ19: ='[1]205'!C499 -> 0.46148399 | AK19: ='[1]205'!B552 -> 3.7196128 | AL19: ='[1]205'!C552 -> 4.0662211 | AM19: ='[1]205'!B711 -> 33.475956 | AN19: ='[1]205'!C711 -> 35.354054 | AO19: ='[1]205'!B870 -> 0.018608756 | AP19: ='[1]205'!C870 -> 0.029815454 | AQ19: =AE19-(AG19+AI19+AK19+AM19+AO19) -> 9.4635477 | AR19: =AF19-(AH19+AJ19+AL19+AN19+AP19) -> 7.1309895 | AS19: ='[1]209'!B22 -> 1.0076956 | AT19: ='[1]209'!C22 -> 1.3870515 | AU19: ='[1]209'!B75 -> 0.77344706 | AV19: ='[1]209'!C75 -> 1.5443158 | AW19: ='[1]209'!B499 -> 1.0647469 | AX19: ='[1]209'!C499 -> 3.73843 | AY19: ='[1]209'!B552 -> -24.691209 | AZ19: ='[1]209'!C552 -> 9.1424412 | BA19: ='[1]209'!B711 -> -1.7953288 | BB19: ='[1]209'!C711 -> 6.7436212 | BC19: - | BD19: - | BE19: - | BF19: - | BG19: ='[1]210'!B22 -> 5.1928263 | BH19: ='[1]210'!C22 -> 5.3324183 | BI19: ='[1]210'!B75 -> 5.483946 | BJ19: ='[1]210'!C75 -> 3.6115112 | BK19: ='[1]210'!B499 -> -2.2839304 | BL19: ='[1]210'!C499 -> 1.3050266 | BM19: ='[1]210'!B552 -> -0.36818561 | BN19: ='[1]210'!C552 -> -0.41938375 | BO19: ='[1]210'!B711 -> 1.8228863 | BP19: ='[1]210'!C711 -> 9.9014547 | BQ19: - | BR19: - | BS19: - | BT19: - | BU19: ='[1]211'!B22 -> 5.1928263 | BV19: ='[1]211'!C22 -> 5.2630568 | BW19: ='[1]211'!B75 -> 5.483946 | BX19: ='[1]211'!C75 -> 4.5321722 | BY19: ='[1]211'!B499 -> -2.2839304 | BZ19: ='[1]211'!C499 -> -0.48888447 | CA19: ='[1]211'!B552 -> -0.36818561 | CB19: ='[1]211'!C552 -> -0.39491029 | CC19: ='[1]211'!B711 -> 1.8228863 | CD19: ='[1]211'!C711 -> 5.8397739 | CE19: - | CF19: - | CG19: - | CH19: - | CI19: ='[1]212'!B22 -> 0.31415063 | CJ19: ='[1]212'!C22 -> 0.49842618 | CK19: ='[1]212'!B75 -> -0.35172775 | CL19: ='[1]212'!C75 -> 0.50925559 | CM19: ='[1]212'!B499 -> -0.13173658 | CN19: ='[1]212'!C499 -> 0.15904399 | CO19: ='[1]212'!B552 -> -0.51376526 | CP19: ='[1]212'!C552 -> 2.0566602 | CQ19: ='[1]212'!B711 -> 1.2997997 | CR19: ='[1]212'!C711 -> 0.81056525 | CS19: - | CT19: - | CU19: - | CV19: - | CW19: ='[1]213'!B22 -> 2.3358063 | CX19: ='[1]213'!C22 -> 1.5588099 | CY19: ='[1]213'!B75 -> 3.4072493 | CZ19: ='[1]213'!C75 -> 2.1354738 | DA19: ='[1]213'!B499 -> 2.5777457 | DB19: ='[1]213'!C499 -> 1.1643563 | DC19: ='[1]213'!B552 -> 4.0900583 | DD19: ='[1]213'!C552 -> 4.3082244 | DE19: ='[1]213'!B711 -> 3.3209023 | DF19: ='[1]213'!C711 -> 3.645751 | DG19: - | DH19: - | DI19: - | DJ19: -
A20: 51 | B20: Bali | C20: ='[1]201'!B24 -> 75512101 | D20: ='[1]201'!C24 -> 81391591 | E20: ='[1]201'!B77 -> 41322667 | F20: ='[1]201'!C77 -> 42135980 | G20: ='[1]201'!B501 -> 1472763.7 | H20: ='[1]201'!C501 -> 1299767.7 | I20: ='[1]201'!B554 -> 5676562.4 | J20: ='[1]201'!C554 -> 7498530.4 | K20: ='[1]201'!B713 -> 20684059 | L20: ='[1]201'!C713 -> 21950960 | M20: ='[1]201'!B872 -> -115498.3 | N20: ='[1]201'!C872 -> 301836.85 | O20: =C20-(E20+G20+I20+K20+M20) -> 6471547.6 | P20: =D20-(F20+H20+J20+L20+N20) -> 8204516.9 | Q20: ='[1]202'!B24 -> 41939513 | R20: ='[1]202'!C24 -> 44749411 | S20: ='[1]202'!B77 -> 24299910 | T20: ='[1]202'!C77 -> 24512526 | U20: ='[1]202'!B501 -> 842517.09 | V20: ='[1]202'!C501 -> 736646.37 | W20: ='[1]202'!B554 -> 3145504.5 | X20: ='[1]202'!C554 -> 4203917.8 | Y20: ='[1]202'!B713 -> 12266762 | Z20: ='[1]202'!C713 -> 13000170 | AA20: ='[1]202'!B872 -> -53128.329 | AB20: ='[1]202'!C872 -> 138631.71 | AC20: =Q20-(S20+U20+W20+Y20+AA20) -> 1437947.9 | AD20: =R20-(T20+V20+X20+Z20+AB20) -> 2157518.1 | AE20: ='[1]205'!B24 -> 100 | AF20: ='[1]205'!C24 -> 100 | AG20: ='[1]205'!B77 -> 54.723238 | AH20: ='[1]205'!C77 -> 51.769451 | AI20: ='[1]205'!B501 -> 1.9503678 | AJ20: ='[1]205'!C501 -> 1.5969312 | AK20: ='[1]205'!B554 -> 7.5174208 | AL20: ='[1]205'!C554 -> 9.2129055 | AM20: ='[1]205'!B713 -> 27.391714 | AN20: ='[1]205'!C713 -> 26.969567 | AO20: ='[1]205'!B872 -> -0.15295336 | AP20: ='[1]205'!C872 -> 0.37084525 | AQ20: =AE20-(AG20+AI20+AK20+AM20+AO20) -> 8.5702125 | AR20: =AF20-(AH20+AJ20+AL20+AN20+AP20) -> 10.0803 | AS20: ='[1]209'!B24 -> -4.3130232 | AT20: ='[1]209'!C24 -> 6.6998822 | AU20: ='[1]209'!B77 -> 1.2269314 | AV20: ='[1]209'!C77 -> 0.87496895 | AW20: ='[1]209'!B501 -> -4.8911709 | AX20: ='[1]209'!C501 -> -12.566003 | AY20: ='[1]209'!B554 -> -40.868352 | AZ20: ='[1]209'!C554 -> 33.648442 | BA20: ='[1]209'!B713 -> -8.116991 | BB20: ='[1]209'!C713 -> 5.9788275 | BC20: - | BD20: - | BE20: - | BF20: - | BG20: ='[1]210'!B24 -> 5.5921513 | BH20: ='[1]210'!C24 -> 5.9534779 | BI20: ='[1]210'!B77 -> 5.3054976 | BJ20: ='[1]210'!C77 -> 5.5389813 | BK20: ='[1]210'!B501 -> -19.04241 | BL20: ='[1]210'!C501 -> 9.7500411 | BM20: ='[1]210'!B554 -> 13.535858 | BN20: ='[1]210'!C554 -> -8.3690028 | BO20: ='[1]210'!B713 -> 5.7774315 | BP20: ='[1]210'!C713 -> 6.606877 | BQ20: - | BR20: - | BS20: - | BT20: - | BU20: ='[1]211'!B24 -> 5.5921513 | BV20: ='[1]211'!C24 -> 5.7783623 | BW20: ='[1]211'!B77 -> 5.3054976 | BX20: ='[1]211'!C77 -> 5.4226187 | BY20: ='[1]211'!B501 -> -19.04241 | BZ20: ='[1]211'!C501 -> -7.7533878 | CA20: ='[1]211'!B554 -> 13.535858 | CB20: ='[1]211'!C554 -> -0.12162208 | CC20: ='[1]211'!B713 -> 5.7774315 | CD20: ='[1]211'!C713 -> 6.2025737 | CE20: - | CF20: - | CG20: - | CH20: - | CI20: ='[1]212'!B24 -> 0.71418687 | CJ20: ='[1]212'!C24 -> 1.0180646 | CK20: ='[1]212'!B77 -> 1.0783858 | CL20: ='[1]212'!C77 -> 1.0837493 | CM20: ='[1]212'!B501 -> 0.49914183 | CN20: ='[1]212'!C501 -> 0.93745458 | CO20: ='[1]212'!B554 -> 0.52236514 | CP20: ='[1]212'!C554 -> -1.1613433 | CQ20: ='[1]212'!B713 -> 0.34113494 | CR20: ='[1]212'!C713 -> 0.13793433 | CS20: - | CT20: - | CU20: - | CV20: - | CW20: ='[1]213'!B24 -> 2.7278598 | CX20: ='[1]213'!C24 -> 2.7582517 | CY20: ='[1]213'!B77 -> 2.2717656 | CZ20: ='[1]213'!C77 -> 2.4129997 | DA20: ='[1]213'!B501 -> 1.8345137 | DB20: ='[1]213'!C501 -> 1.8818632 | DC20: ='[1]213'!B554 -> 1.3432296 | DD20: ='[1]213'!C554 -> 1.891126 | DE20: ='[1]213'!B713 -> 2.1845892 | DF20: ='[1]213'!C713 -> 1.368583 | DG20: - | DH20: - | DI20: - | DJ20: -
A21: 52 | B21: Nusa Tenggara Barat | C21: ='[1]201'!B25 -> 43959158 | D21: ='[1]201'!C25 -> 47459216 | E21: ='[1]201'!B78 -> 26962344 | F21: ='[1]201'!C78 -> 28180110 | G21: ='[1]201'!B502 -> 771109.63 | H21: ='[1]201'!C502 -> 814852.51 | I21: ='[1]201'!B555 -> 6179861.8 | J21: ='[1]201'!C555 -> 6258275.1 | K21: ='[1]201'!B714 -> 15868172 | L21: ='[1]201'!C714 -> 16069217 | M21: ='[1]201'!B873 -> 858029.91 | N21: ='[1]201'!C873 -> 352220.66 | O21: =C21-(E21+G21+I21+K21+M21) -> -6680359.1 | P21: =D21-(F21+H21+J21+L21+N21) -> -4215459 | Q21: ='[1]202'!B25 -> 26118030 | R21: ='[1]202'!C25 -> 27832315 | S21: ='[1]202'!B78 -> 16607296 | T21: ='[1]202'!C78 -> 17086981 | U21: ='[1]202'!B502 -> 464072.99 | V21: ='[1]202'!C502 -> 482383.81 | W21: ='[1]202'!B555 -> 3392700 | X21: ='[1]202'!C555 -> 3411741.1 | Y21: ='[1]202'!B714 -> 8548704.3 | Z21: ='[1]202'!C714 -> 8641010.3 | AA21: ='[1]202'!B873 -> 279413.89 | AB21: ='[1]202'!C873 -> 112854.43 | AC21: =Q21-(S21+U21+W21+Y21+AA21) -> -3174157.3 | AD21: =R21-(T21+V21+X21+Z21+AB21) -> -1902655.6 | AE21: ='[1]205'!B25 -> 100 | AF21: ='[1]205'!C25 -> 100 | AG21: ='[1]205'!B78 -> 61.334986 | AH21: ='[1]205'!C78 -> 59.377529 | AI21: ='[1]205'!B502 -> 1.7541501 | AJ21: ='[1]205'!C502 -> 1.7169532 | AK21: ='[1]205'!B555 -> 14.05819 | AL21: ='[1]205'!C555 -> 13.186638 | AM21: ='[1]205'!B714 -> 36.097534 | AN21: ='[1]205'!C714 -> 33.859002 | AO21: ='[1]205'!B873 -> 1.9518798 | AP21: ='[1]205'!C873 -> 0.7421544 | AQ21: =AE21-(AG21+AI21+AK21+AM21+AO21) -> -15.19674 | AR21: =AF21-(AH21+AJ21+AL21+AN21+AP21) -> -8.882277 | AS21: ='[1]209'!B25 -> -2.2877906 | AT21: ='[1]209'!C25 -> 6.5636065 | AU21: ='[1]209'!B78 -> 0.19691335 | AV21: ='[1]209'!C78 -> 2.8883961 | AW21: ='[1]209'!B502 -> 1.1905178 | AX21: ='[1]209'!C502 -> 3.9456765 | AY21: ='[1]209'!B555 -> -7.9147709 | AZ21: ='[1]209'!C555 -> 0.56123958 | BA21: ='[1]209'!B714 -> -4.5473097 | BB21: ='[1]209'!C714 -> 1.0797661 | BC21: - | BD21: - | BE21: - | BF21: - | BG21: ='[1]210'!B25 -> -1.4324383 | BH21: ='[1]210'!C25 -> -0.81518163 | BI21: ='[1]210'!B78 -> 4.1818821 | BJ21: ='[1]210'!C78 -> 4.0613337 | BK21: ='[1]210'!B502 -> -1.0857717 | BL21: ='[1]210'!C502 -> 1.7737948 | BM21: ='[1]210'!B555 -> 4.1472526 | BN21: ='[1]210'!C555 -> -0.88367032 | BO21: ='[1]210'!B714 -> -1.6696467 | BP21: ='[1]210'!C714 -> 3.5864367 | BQ21: - | BR21: - | BS21: - | BT21: - | BU21: ='[1]211'!B25 -> -1.4324383 | BV21: ='[1]211'!C25 -> -1.1149657 | BW21: ='[1]211'!B78 -> 4.1818821 | BX21: ='[1]211'!C78 -> 4.120715 | BY21: ='[1]211'!B502 -> -1.0857717 | BZ21: ='[1]211'!C502 -> 0.35130243 | CA21: ='[1]211'!B555 -> 4.1472526 | CB21: ='[1]211'!C555 -> 1.5624973 | CC21: ='[1]211'!B714 -> -1.6696467 | CD21: ='[1]211'!C714 -> 0.9040892 | CE21: - | CF21: - | CG21: - | CH21: - | CI21: ='[1]212'!B25 -> 0.33257814 | CJ21: ='[1]212'!C25 -> 1.3123245 | CK21: ='[1]212'!B78 -> 0.29319577 | CL21: ='[1]212'!C78 -> 1.5824406 | CM21: ='[1]212'!B502 -> 0.21569352 | CN21: ='[1]212'!C502 -> 1.6614856 | CO21: ='[1]212'!B555 -> 1.0773291 | CP21: ='[1]212'!C555 -> 0.7036635 | CQ21: ='[1]212'!B714 -> 0.58568331 | CR21: ='[1]212'!C714 -> 0.18520115 | CS21: - | CT21: - | CU21: - | CV21: - | CW21: ='[1]213'!B25 -> 2.1496864 | CX21: ='[1]213'!C25 -> 2.2488161 | CY21: ='[1]213'!B78 -> 1.1508937 | CZ21: ='[1]213'!C78 -> 2.5969789 | DA21: ='[1]213'!B502 -> 0.60653944 | DB21: ='[1]213'!C502 -> 1.9763479 | DC21: ='[1]213'!B555 -> 1.2459432 | DD21: ='[1]213'!C555 -> 1.0777582 | DE21: ='[1]213'!B714 -> 1.2224892 | DF21: ='[1]213'!C714 -> 0.93919917 | DG21: - | DH21: - | DI21: - | DJ21: -
A22: 53 | B22: Nusa Tenggara Timur | C22: ='[1]201'!B26 -> 34407199 | D22: ='[1]201'!C26 -> 37396904 | E22: ='[1]201'!B79 -> 22774178 | F22: ='[1]201'!C79 -> 24259421 | G22: ='[1]201'!B503 -> 1214510.5 | H22: ='[1]201'!C503 -> 1239364.8 | I22: ='[1]201'!B556 -> 4870135.2 | J22: ='[1]201'!C556 -> 7798202.8 | K22: ='[1]201'!B715 -> 13210156 | L22: ='[1]201'!C715 -> 14783170 | M22: ='[1]201'!B874 -> -524946.95 | N22: ='[1]201'!C874 -> 1035644.6 | O22: =C22-(E22+G22+I22+K22+M22) -> -7136833.2 | P22: =D22-(F22+H22+J22+L22+N22) -> -11718899 | Q22: ='[1]202'!B26 -> 19375017 | R22: ='[1]202'!C26 -> 20835161 | S22: ='[1]202'!B79 -> 14292873 | T22: ='[1]202'!C79 -> 15147225 | U22: ='[1]202'!B503 -> 771303.04 | V22: ='[1]202'!C503 -> 780444.93 | W22: ='[1]202'!B556 -> 2630895.4 | X22: ='[1]202'!C556 -> 4211155.6 | Y22: ='[1]202'!B715 -> 7505802.9 | Z22: ='[1]202'!C715 -> 8345429.5 | AA22: ='[1]202'!B874 -> -282562.75 | AB22: ='[1]202'!C874 -> 556897.03 | AC22: =Q22-(S22+U22+W22+Y22+AA22) -> -5543294.8 | AD22: =R22-(T22+V22+X22+Z22+AB22) -> -8205990.9 | AE22: ='[1]205'!B26 -> 100 | AF22: ='[1]205'!C26 -> 100 | AG22: ='[1]205'!B79 -> 66.190152 | AH22: ='[1]205'!C79 -> 64.870133 | AI22: ='[1]205'!B503 -> 3.529815 | AJ22: ='[1]205'!C503 -> 3.314084 | AK22: ='[1]205'!B556 -> 14.154407 | AL22: ='[1]205'!C556 -> 20.852536 | AM22: ='[1]205'!B715 -> 38.393582 | AN22: ='[1]205'!C715 -> 39.530464 | AO22: ='[1]205'!B874 -> -1.5256893 | AP22: ='[1]205'!C874 -> 2.7693326 | AQ22: =AE22-(AG22+AI22+AK22+AM22+AO22) -> -20.742267 | AR22: =AF22-(AH22+AJ22+AL22+AN22+AP22) -> -31.336549 | AS22: ='[1]209'!B26 -> -4.4929204 | AT22: ='[1]209'!C26 -> 7.5362225 | AU22: ='[1]209'!B79 -> -5.4201552 | AV22: ='[1]209'!C79 -> 5.9774689 | AW22: ='[1]209'!B503 -> -6.9369185 | AX22: ='[1]209'!C503 -> 1.1852519 | AY22: ='[1]209'!B556 -> -52.759311 | AZ22: ='[1]209'!C556 -> 60.065489 | BA22: ='[1]209'!B715 -> -22.607876 | BB22: ='[1]209'!C715 -> 11.186366 | BC22: - | BD22: - | BE22: - | BF22: - | BG22: ='[1]210'!B26 -> 4.7277357 | BH22: ='[1]210'!C26 -> 5.4434993 | BI22: ='[1]210'!B79 -> 3.4227448 | BJ22: ='[1]210'!C79 -> 3.2513607 | BK22: ='[1]210'!B503 -> -4.1339178 | BL22: ='[1]210'!C503 -> 1.9356935 | BM22: ='[1]210'!B556 -> 1.2107405 | BN22: ='[1]210'!C556 -> 2.1110771 | BO22: ='[1]210'!B715 -> -3.247097 | BP22: ='[1]210'!C715 -> -2.2429713 | BQ22: - | BR22: - | BS22: - | BT22: - | BU22: ='[1]211'!B26 -> 4.7277357 | BV22: ='[1]211'!C26 -> 5.0973959 | BW22: ='[1]211'!B79 -> 3.4227448 | BX22: ='[1]211'!C79 -> 3.334495 | BY22: ='[1]211'!B503 -> -4.1339178 | BZ22: ='[1]211'!C503 -> -1.1743706 | CA22: ='[1]211'!B556 -> 1.2107405 | CB22: ='[1]211'!C556 -> 1.762992 | CC22: ='[1]211'!B715 -> -3.247097 | CD22: ='[1]211'!C715 -> -2.7210256 | CE22: - | CF22: - | CG22: - | CH22: - | CI22: ='[1]212'!B26 -> 0.26995807 | CJ22: ='[1]212'!C26 -> 1.0721605 | CK22: ='[1]212'!B79 -> 1.1296344 | CL22: ='[1]212'!C79 -> 0.51345265 | CM22: ='[1]212'!B503 -> -2.9857219 | CN22: ='[1]212'!C503 -> 0.85110706 | CO22: ='[1]212'!B556 -> -1.1022367 | CP22: ='[1]212'!C556 -> 0.035881296 | CQ22: ='[1]212'!B715 -> 0.4090464 | CR22: ='[1]212'!C715 -> 0.64867613 | CS22: - | CT22: - | CU22: - | CV22: - | CW22: ='[1]213'!B26 -> 2.2603149 | CX22: ='[1]213'!C26 -> 1.9800704 | CY22: ='[1]213'!B79 -> 0.92917273 | CZ22: ='[1]213'!C79 -> 1.4790531 | DA22: ='[1]213'!B503 -> 0.85026454 | DB22: ='[1]213'!C503 -> 1.887742 | DC22: ='[1]213'!B556 -> 1.886708 | DD22: ='[1]213'!C556 -> 1.6931783 | DE22: ='[1]213'!B715 -> 1.6292098 | DF22: ='[1]213'!C715 -> 1.5780131 | DG22: - | DH22: - | DI22: - | DJ22: -
A23: 61 | B23: Kalimantan Barat | C23: ='[1]201'!B28 -> 79065968 | D23: ='[1]201'!C28 -> 81108708 | E23: ='[1]201'!B81 -> 38380085 | F23: ='[1]201'!C81 -> 39702011 | G23: ='[1]201'!B505 -> 1067213.8 | H23: ='[1]201'!C505 -> 1076391.9 | I23: ='[1]201'!B558 -> 7596637.6 | J23: ='[1]201'!C558 -> 8476360.9 | K23: ='[1]201'!B717 -> 24070123 | L23: ='[1]201'!C717 -> 26650662 | M23: ='[1]201'!B876 -> 136057.32 | N23: ='[1]201'!C876 -> 133776.46 | O23: =C23-(E23+G23+I23+K23+M23) -> 7815850.7 | P23: =D23-(F23+H23+J23+L23+N23) -> 5069506 | Q23: ='[1]202'!B28 -> 41654757 | R23: ='[1]202'!C28 -> 42463856 | S23: ='[1]202'!B81 -> 21422126 | T23: ='[1]202'!C81 -> 22084157 | U23: ='[1]202'!B505 -> 548515.18 | V23: ='[1]202'!C505 -> 548712.46 | W23: ='[1]202'!B558 -> 3956084.6 | X23: ='[1]202'!C558 -> 4354035.1 | Y23: ='[1]202'!B717 -> 11817989 | Z23: ='[1]202'!C717 -> 13202676 | AA23: ='[1]202'!B876 -> 131241.38 | AB23: ='[1]202'!C876 -> 127986.98 | AC23: =Q23-(S23+U23+W23+Y23+AA23) -> 3778801.4 | AD23: =R23-(T23+V23+X23+Z23+AB23) -> 2146288.7 | AE23: ='[1]205'!B28 -> 100 | AF23: ='[1]205'!C28 -> 100 | AG23: ='[1]205'!B81 -> 48.541852 | AH23: ='[1]205'!C81 -> 48.949135 | AI23: ='[1]205'!B505 -> 1.3497765 | AJ23: ='[1]205'!C505 -> 1.3270978 | AK23: ='[1]205'!B558 -> 9.6079739 | AL23: ='[1]205'!C558 -> 10.450618 | AM23: ='[1]205'!B717 -> 30.443089 | AN23: ='[1]205'!C717 -> 32.857954 | AO23: ='[1]205'!B876 -> 0.17208076 | AP23: ='[1]205'!C876 -> 0.16493476 | AQ23: =AE23-(AG23+AI23+AK23+AM23+AO23) -> 9.8852273 | AR23: =AF23-(AH23+AJ23+AL23+AN23+AP23) -> 6.250261 | AS23: ='[1]209'!B28 -> -0.49569096 | AT23: ='[1]209'!C28 -> 1.9423919 | AU23: ='[1]209'!B81 -> 1.1400186 | AV23: ='[1]209'!C81 -> 3.0904066 | AW23: ='[1]209'!B505 -> 5.3609075 | AX23: ='[1]209'!C505 -> 0.035965091 | AY23: ='[1]209'!B558 -> -11.065914 | AZ23: ='[1]209'!C558 -> 10.059201 | BA23: ='[1]209'!B717 -> -7.1046222 | BB23: ='[1]209'!C717 -> 11.716775 | BC23: - | BD23: - | BE23: - | BF23: - | BG23: ='[1]210'!B28 -> 5.000726 | BH23: ='[1]210'!C28 -> 5.594557 | BI23: ='[1]210'!B81 -> 5.1922898 | BJ23: ='[1]210'!C81 -> 5.4403903 | BK23: ='[1]210'!B505 -> -0.21456502 | BL23: ='[1]210'!C505 -> 10.472192 | BM23: ='[1]210'!B558 -> -0.61330169 | BN23: ='[1]210'!C558 -> -0.31087992 | BO23: ='[1]210'!B717 -> -1.1384695 | BP23: ='[1]210'!C717 -> 8.6018119 | BQ23: - | BR23: - | BS23: - | BT23: - | BU23: ='[1]211'!B28 -> 5.000726 | BV23: ='[1]211'!C28 -> 5.2996602 | BW23: ='[1]211'!B81 -> 5.1922898 | BX23: ='[1]211'!C81 -> 5.3180816 | BY23: ='[1]211'!B505 -> -0.21456502 | BZ23: ='[1]211'!C505 -> 4.8581839 | CA23: ='[1]211'!B558 -> -0.61330169 | CB23: ='[1]211'!C558 -> -0.4550789 | CC23: ='[1]211'!B717 -> -1.1384695 | CD23: ='[1]211'!C717 -> 3.7726495 | CE23: - | CF23: - | CG23: - | CH23: - | CI23: ='[1]212'!B28 -> 0.85045568 | CJ23: ='[1]212'!C28 -> 0.62898096 | CK23: ='[1]212'!B81 -> 1.4333804 | CL23: ='[1]212'!C81 -> 0.34328683 | CM23: ='[1]212'!B505 -> -0.39 | CN23: ='[1]212'!C505 -> 0.82373865 | CO23: ='[1]212'!B558 -> -0.15370215 | CP23: ='[1]212'!C558 -> 1.3821927 | CQ23: ='[1]212'!B717 -> 0.6970091 | CR23: ='[1]212'!C717 -> -0.89141096 | CS23: - | CT23: - | CU23: - | CV23: - | CW23: ='[1]213'!B28 -> 4.9950336 | CX23: ='[1]213'!C28 -> 4.0170944 | CY23: ='[1]213'!B81 -> 3.2502116 | CZ23: ='[1]213'!C81 -> 2.1683575 | DA23: ='[1]213'!B505 -> 0.37544902 | DB23: ='[1]213'!C505 -> 0.24990628 | DC23: ='[1]213'!B558 -> 1.2585307 | DD23: ='[1]213'!C558 -> 1.8071202 | DE23: ='[1]213'!B717 -> 5.3749202 | DF23: ='[1]213'!C717 -> 4.8417147 | DG23: - | DH23: - | DI23: - | DJ23: -
A24: 62 | B24: Kalimantan Tengah | C24: ='[1]201'!B29 -> 57898611 | D24: ='[1]201'!C29 -> 58739287 | E24: ='[1]201'!B82 -> 21771611 | F24: ='[1]201'!C82 -> 22028116 | G24: ='[1]201'!B506 -> 901616.34 | H24: ='[1]201'!C506 -> 925605.56 | I24: ='[1]201'!B559 -> 5950924.5 | J24: ='[1]201'!C559 -> 6443308 | K24: ='[1]201'!B718 -> 19728975 | L24: ='[1]201'!C718 -> 21552705 | M24: ='[1]201'!B877 -> 282941.25 | N24: ='[1]201'!C877 -> -61280.774 | O24: =C24-(E24+G24+I24+K24+M24) -> 9262542.3 | P24: =D24-(F24+H24+J24+L24+N24) -> 7850832.8 | Q24: ='[1]202'!B29 -> 29697555 | R24: ='[1]202'!C29 -> 30442907 | S24: ='[1]202'!B82 -> 11251360 | T24: ='[1]202'!C82 -> 11268219 | U24: ='[1]202'!B506 -> 462018.37 | V24: ='[1]202'!C506 -> 468141.35 | W24: ='[1]202'!B559 -> 3351927.9 | X24: ='[1]202'!C559 -> 3602528.3 | Y24: ='[1]202'!B718 -> 10190575 | Z24: ='[1]202'!C718 -> 11105750 | AA24: ='[1]202'!B877 -> 246692.44 | AB24: ='[1]202'!C877 -> -55712.639 | AC24: =Q24-(S24+U24+W24+Y24+AA24) -> 4194981 | AD24: =R24-(T24+V24+X24+Z24+AB24) -> 4053981.7 | AE24: ='[1]205'!B29 -> 100 | AF24: ='[1]205'!C29 -> 100 | AG24: ='[1]205'!B82 -> 37.602995 | AH24: ='[1]205'!C82 -> 37.501504 | AI24: ='[1]205'!B506 -> 1.5572331 | AJ24: ='[1]205'!C506 -> 1.5757862 | AK24: ='[1]205'!B559 -> 10.278182 | AL24: ='[1]205'!C559 -> 10.969333 | AM24: ='[1]205'!B718 -> 34.07504 | AN24: ='[1]205'!C718 -> 36.692146 | AO24: ='[1]205'!B877 -> 0.48868401 | AP24: ='[1]205'!C877 -> -0.10432672 | AQ24: =AE24-(AG24+AI24+AK24+AM24+AO24) -> 15.997866 | AR24: =AF24-(AH24+AJ24+AL24+AN24+AP24) -> 13.365557 | AS24: ='[1]209'!B29 -> -6.574959 | AT24: ='[1]209'!C29 -> 2.5098098 | AU24: ='[1]209'!B82 -> 2.7789319 | AV24: ='[1]209'!C82 -> 0.14983721 | AW24: ='[1]209'!B506 -> -5.8666588 | AX24: ='[1]209'!C506 -> 1.3252675 | AY24: ='[1]209'!B559 -> -33.549423 | AZ24: ='[1]209'!C559 -> 7.4763052 | BA24: ='[1]209'!B718 -> -17.488288 | BB24: ='[1]209'!C718 -> 8.9805961 | BC24: - | BD24: - | BE24: - | BF24: - | BG24: ='[1]210'!B29 -> 4.0384149 | BH24: ='[1]210'!C29 -> 4.9944638 | BI24: ='[1]210'!B82 -> 5.9384771 | BJ24: ='[1]210'!C82 -> 2.8862345 | BK24: ='[1]210'!B506 -> -0.21437849 | BL24: ='[1]210'!C506 -> -0.71034822 | BM24: ='[1]210'!B559 -> 11.862551 | BN24: ='[1]210'!C559 -> -9.2043278 | BO24: ='[1]210'!B718 -> -0.12182041 | BP24: ='[1]210'!C718 -> 7.0312315 | BQ24: - | BR24: - | BS24: - | BT24: - | BU24: ='[1]211'!B29 -> 4.0384149 | BV24: ='[1]211'!C29 -> 4.5201776 | BW24: ='[1]211'!B82 -> 5.9384771 | BX24: ='[1]211'!C82 -> 4.3889073 | BY24: ='[1]211'!B506 -> -0.21437849 | BZ24: ='[1]211'!C506 -> -0.46461356 | CA24: ='[1]211'!B559 -> 11.862551 | CB24: ='[1]211'!C559 -> -0.13993269 | CC24: ='[1]211'!B718 -> -0.12182041 | CD24: ='[1]211'!C718 -> 3.4848017 | CE24: - | CF24: - | CG24: - | CH24: - | CI24: ='[1]212'!B29 -> 2.1255295 | CJ24: ='[1]212'!C29 -> -1.0319308 | CK24: ='[1]212'!B82 -> 0.36861972 | CL24: ='[1]212'!C82 -> 1.026785 | CM24: ='[1]212'!B506 -> 0.14528895 | CN24: ='[1]212'!C506 -> 1.3179567 | CO24: ='[1]212'!B559 -> 0.2318243 | CP24: ='[1]212'!C559 -> 0.74226784 | CQ24: ='[1]212'!B718 -> 0.26862929 | CR24: ='[1]212'!C718 -> 0.24162232 | CS24: - | CT24: - | CU24: - | CV24: - | CW24: ='[1]213'!B29 -> 6.4895416 | CX24: ='[1]213'!C29 -> 2.5656057 | CY24: ='[1]213'!B82 -> 0.67659675 | CZ24: ='[1]213'!C82 -> 0.98521849 | DA24: ='[1]213'!B506 -> 0.849418 | DB24: ='[1]213'!C506 -> 1.4334101 | DC24: ='[1]213'!B559 -> 0.80090277 | DD24: ='[1]213'!C559 -> 1.7959066 | DE24: ='[1]213'!B718 -> 1.2647132 | DF24: ='[1]213'!C718 -> 1.7073845 | DG24: - | DH24: - | DI24: - | DJ24: -
A25: 63 | B25: Kalimantan Selatan | C25: ='[1]201'!B30 -> 70870896 | D25: ='[1]201'!C30 -> 76068434 | E25: ='[1]201'!B83 -> 31231585 | F25: ='[1]201'!C83 -> 33494625 | G25: ='[1]201'!B507 -> 747417.62 | H25: ='[1]201'!C507 -> 792195.1 | I25: ='[1]201'!B560 -> 5641350.2 | J25: ='[1]201'!C560 -> 7958032.8 | K25: ='[1]201'!B719 -> 14729707 | L25: ='[1]201'!C719 -> 16233812 | M25: ='[1]201'!B878 -> -97874.553 | N25: ='[1]201'!C878 -> 329374.23 | O25: =C25-(E25+G25+I25+K25+M25) -> 18618710 | P25: =D25-(F25+H25+J25+L25+N25) -> 17260394 | Q25: ='[1]202'!B30 -> 38247431 | R25: ='[1]202'!C30 -> 41346993 | S25: ='[1]202'!B83 -> 18567197 | T25: ='[1]202'!C83 -> 19680296 | U25: ='[1]202'!B507 -> 415412.24 | V25: ='[1]202'!C507 -> 432883.23 | W25: ='[1]202'!B560 -> 2868427.4 | X25: ='[1]202'!C560 -> 3981591.4 | Y25: ='[1]202'!B719 -> 8234540.9 | Z25: ='[1]202'!C719 -> 9040933.7 | AA25: ='[1]202'!B878 -> -57843.986 | AB25: ='[1]202'!C878 -> 191092.33 | AC25: =Q25-(S25+U25+W25+Y25+AA25) -> 8219697.3 | AD25: =R25-(T25+V25+X25+Z25+AB25) -> 8020197.2 | AE25: ='[1]205'!B30 -> 100 | AF25: ='[1]205'!C30 -> 100 | AG25: ='[1]205'!B83 -> 44.068281 | AH25: ='[1]205'!C83 -> 44.032226 | AI25: ='[1]205'!B507 -> 1.0546186 | AJ25: ='[1]205'!C507 -> 1.0414242 | AK25: ='[1]205'!B560 -> 7.9600379 | AL25: ='[1]205'!C560 -> 10.461676 | AM25: ='[1]205'!B719 -> 20.78386 | AN25: ='[1]205'!C719 -> 21.341063 | AO25: ='[1]205'!B878 -> -0.1381026 | AP25: ='[1]205'!C878 -> 0.43299726 | AQ25: =AE25-(AG25+AI25+AK25+AM25+AO25) -> 26.271306 | AR25: =AF25-(AH25+AJ25+AL25+AN25+AP25) -> 22.690614 | AS25: ='[1]209'!B30 -> -5.4766782 | AT25: ='[1]209'!C30 -> 8.1039763 | AU25: ='[1]209'!B83 -> 0.56274083 | AV25: ='[1]209'!C83 -> 5.9949751 | AW25: ='[1]209'!B507 -> 1.0090685 | AX25: ='[1]209'!C507 -> 4.2056988 | AY25: ='[1]209'!B560 -> -36.938668 | AZ25: ='[1]209'!C560 -> 38.807466 | BA25: ='[1]209'!B719 -> -13.355081 | BB25: ='[1]209'!C719 -> 9.7928077 | BC25: - | BD25: - | BE25: - | BF25: - | BG25: ='[1]210'!B30 -> 4.819911 | BH25: ='[1]210'!C30 -> 5.3933261 | BI25: ='[1]210'!B83 -> 5.494775 | BJ25: ='[1]210'!C83 -> 5.5050408 | BK25: ='[1]210'!B507 -> 2.9788911 | BL25: ='[1]210'!C507 -> 6.6843483 | BM25: ='[1]210'!B560 -> 1.2719715 | BN25: ='[1]210'!C560 -> -1.8332289 | BO25: ='[1]210'!B719 -> -0.27398122 | BP25: ='[1]210'!C719 -> 5.4772775 | BQ25: - | BR25: - | BS25: - | BT25: - | BU25: ='[1]211'!B30 -> 4.819911 | BV25: ='[1]211'!C30 -> 5.1170025 | BW25: ='[1]211'!B83 -> 5.494775 | BX25: ='[1]211'!C83 -> 5.500057 | BY25: ='[1]211'!B507 -> 2.9788911 | BZ25: ='[1]211'!C507 -> 4.8370354 | CA25: ='[1]211'!B560 -> 1.2719715 | CB25: ='[1]211'!C560 -> -0.55641013 | CC25: ='[1]211'!B719 -> -0.27398122 | CD25: ='[1]211'!C719 -> 2.6553527 | CE25: - | CF25: - | CG25: - | CH25: - | CI25: ='[1]212'!B30 -> -0.20674834 | CJ25: ='[1]212'!C30 -> -0.71242966 | CK25: ='[1]212'!B83 -> -0.01510296 | CL25: ='[1]212'!C83 -> 1.1802652 | CM25: ='[1]212'!B507 -> -0.22686979 | CN25: ='[1]212'!C507 -> 1.7132071 | CO25: ='[1]212'!B560 -> -3.4409959 | CP25: ='[1]212'!C560 -> 1.6271725 | CQ25: ='[1]212'!B719 -> 0.75826986 | CR25: ='[1]212'!C719 -> 0.38122864 | CS25: - | CT25: - | CU25: - | CV25: - | CW25: ='[1]213'!B30 -> 3.6780953 | CX25: ='[1]213'!C30 -> 0.66829688 | CY25: ='[1]213'!B83 -> 0.56572474 | CZ25: ='[1]213'!C83 -> 0.54409342 | DA25: ='[1]213'!B507 -> 0.38221889 | DB25: ='[1]213'!C507 -> 1.8338553 | DC25: ='[1]213'!B560 -> 4.6514298 | DD25: ='[1]213'!C560 -> 2.0761245 | DE25: ='[1]213'!B719 -> 5.2020504 | DF25: ='[1]213'!C719 -> 4.533433 | DG25: - | DH25: - | DI25: - | DJ25: -
A26: 64 | B26: Kalimantan Timur | C26: ='[1]201'!B31 -> 2.1752397e+08 | D26: ='[1]201'!C31 -> 2.2176552e+08 | E26: ='[1]201'!B84 -> 38187568 | F26: ='[1]201'!C84 -> 39728089 | G26: ='[1]201'!B508 -> 1160005.1 | H26: ='[1]201'!C508 -> 1249638 | I26: ='[1]201'!B561 -> 7569408.7 | J26: ='[1]201'!C561 -> 10143144 | K26: ='[1]201'!B720 -> 76779762 | L26: ='[1]201'!C720 -> 78670912 | M26: ='[1]201'!B879 -> 23752.664 | N26: ='[1]201'!C879 -> 39183.684 | O26: =C26-(E26+G26+I26+K26+M26) -> 93803475 | P26: =D26-(F26+H26+J26+L26+N26) -> 91934553 | Q26: ='[1]202'!B31 -> 1.4469841e+08 | R26: ='[1]202'!C31 -> 1.4796194e+08 | S26: ='[1]202'!B84 -> 21025987 | T26: ='[1]202'!C84 -> 21457212 | U26: ='[1]202'!B508 -> 620698.25 | V26: ='[1]202'!C508 -> 657831.86 | W26: ='[1]202'!B561 -> 3843837 | X26: ='[1]202'!C561 -> 5064114.5 | Y26: ='[1]202'!B720 -> 41990842 | Z26: ='[1]202'!C720 -> 42960868 | AA26: ='[1]202'!B879 -> 13193.877 | AB26: ='[1]202'!C879 -> 21698.893 | AC26: =Q26-(S26+U26+W26+Y26+AA26) -> 77203855 | AD26: =R26-(T26+V26+X26+Z26+AB26) -> 77800212 | AE26: ='[1]205'!B31 -> 100 | AF26: ='[1]205'!C31 -> 100 | AG26: ='[1]205'!B84 -> 17.555568 | AH26: ='[1]205'!C84 -> 17.914457 | AI26: ='[1]205'!B508 -> 0.5332769 | AJ26: ='[1]205'!C508 -> 0.56349519 | AK26: ='[1]205'!B561 -> 3.4798044 | AL26: ='[1]205'!C561 -> 4.5738146 | AM26: ='[1]205'!B720 -> 35.29715 | AN26: ='[1]205'!C720 -> 35.474817 | AO26: ='[1]205'!B879 -> 0.010919561 | AP26: ='[1]205'!C879 -> 0.01766897 | AQ26: =AE26-(AG26+AI26+AK26+AM26+AO26) -> 43.123282 | AR26: =AF26-(AH26+AJ26+AL26+AN26+AP26) -> 41.455747 | AS26: ='[1]209'!B31 -> -1.765001 | AT26: ='[1]209'!C31 -> 2.2553979 | AU26: ='[1]209'!B84 -> 1.5466686 | AV26: ='[1]209'!C84 -> 2.0509159 | AW26: ='[1]209'!B508 -> -4.6177787 | AX26: ='[1]209'!C508 -> 5.9825528 | AY26: ='[1]209'!B561 -> -60.237908 | AZ26: ='[1]209'!C561 -> 31.746338 | BA26: ='[1]209'!B720 -> -5.0759659 | BB26: ='[1]209'!C720 -> 2.3100906 | BC26: - | BD26: - | BE26: - | BF26: - | BG26: ='[1]210'!B31 -> 4.0828834 | BH26: ='[1]210'!C31 -> 4.686813 | BI26: ='[1]210'!B84 -> 5.3593417 | BJ26: ='[1]210'!C84 -> 4.5815283 | BK26: ='[1]210'!B508 -> -1.6318119 | BL26: ='[1]210'!C508 -> 3.9178924 | BM26: ='[1]210'!B561 -> 5.5708053 | BN26: ='[1]210'!C561 -> -18.642078 | BO26: ='[1]210'!B720 -> 2.5623947 | BP26: ='[1]210'!C720 -> 1.7211436 | BQ26: - | BR26: - | BS26: - | BT26: - | BU26: ='[1]211'!B31 -> 4.0828834 | BV26: ='[1]211'!C31 -> 4.387342 | BW26: ='[1]211'!B84 -> 5.3593417 | BX26: ='[1]211'!C84 -> 4.9650467 | BY26: ='[1]211'!B508 -> -1.6318119 | BZ26: ='[1]211'!C508 -> 1.1475087 | CA26: ='[1]211'!B561 -> 5.5708053 | CB26: ='[1]211'!C561 -> -9.7059606 | CC26: ='[1]211'!B720 -> 2.5623947 | CD26: ='[1]211'!C720 -> 2.1352343 | CE26: - | CF26: - | CG26: - | CH26: - | CI26: ='[1]212'!B31 -> -0.06547302 | CJ26: ='[1]212'!C31 -> -0.2987377 | CK26: ='[1]212'!B84 -> -0.096845695 | CL26: ='[1]212'!C84 -> 1.9433201 | CM26: ='[1]212'!B508 -> -0.22023713 | CN26: ='[1]212'!C508 -> 1.645922 | CO26: ='[1]212'!B561 -> -4.1726129 | CP26: ='[1]212'!C561 -> 1.7119711 | CQ26: ='[1]212'!B720 -> 0.67929248 | CR26: ='[1]212'!C720 -> 0.14953881 | CS26: - | CT26: - | CU26: - | CV26: - | CW26: ='[1]213'!B31 -> 0.42943459 | CX26: ='[1]213'!C31 -> -1.2797629 | CY26: ='[1]213'!B84 -> 0.76143229 | CZ26: ='[1]213'!C84 -> 1.608448 | DA26: ='[1]213'!B508 -> 0.24985723 | DB26: ='[1]213'!C508 -> 0.97649437 | DC26: ='[1]213'!B561 -> 0.51949019 | DD26: ='[1]213'!C561 -> 0.52916373 | DE26: ='[1]213'!B720 -> 3.2308435 | DF26: ='[1]213'!C720 -> 2.4185101 | DG26: - | DH26: - | DI26: - | DJ26: -
A27: 65 | B27: Kalimantan Utara | C27: ='[1]201'!B32 -> 37519736 | D27: ='[1]201'!C32 -> 38449400 | E27: ='[1]201'!B85 -> 5535014.8 | F27: ='[1]201'!C85 -> 5763073.9 | G27: ='[1]201'!B509 -> 278683.38 | H27: ='[1]201'!C509 -> 281082.37 | I27: ='[1]201'!B562 -> 1899969.2 | J27: ='[1]201'!C562 -> 2514984 | K27: ='[1]201'!B721 -> 10340173 | L27: ='[1]201'!C721 -> 10846259 | M27: ='[1]201'!B880 -> 95598.731 | N27: ='[1]201'!C880 -> 86259.652 | O27: =C27-(E27+G27+I27+K27+M27) -> 19370296 | P27: =D27-(F27+H27+J27+L27+N27) -> 18957742 | Q27: ='[1]202'!B32 -> 18344268 | R27: ='[1]202'!C32 -> 18855892 | S27: ='[1]202'!B85 -> 2999103.6 | T27: ='[1]202'!C85 -> 3077763.1 | U27: ='[1]202'!B509 -> 150272.19 | V27: ='[1]202'!C509 -> 150347.27 | W27: ='[1]202'!B562 -> 1030678.9 | X27: ='[1]202'!C562 -> 1309757.6 | Y27: ='[1]202'!B721 -> 5435944.3 | Z27: ='[1]202'!C721 -> 5693166.1 | AA27: ='[1]202'!B880 -> 65013.846 | AB27: ='[1]202'!C880 -> 58740.48 | AC27: =Q27-(S27+U27+W27+Y27+AA27) -> 8663254.6 | AD27: =R27-(T27+V27+X27+Z27+AB27) -> 8566117.6 | AE27: ='[1]205'!B32 -> 100 | AF27: ='[1]205'!C32 -> 100 | AG27: ='[1]205'!B85 -> 14.752275 | AH27: ='[1]205'!C85 -> 14.988723 | AI27: ='[1]205'!B509 -> 0.74276477 | AJ27: ='[1]205'!C509 -> 0.73104487 | AK27: ='[1]205'!B562 -> 5.0639195 | AL27: ='[1]205'!C562 -> 6.5410226 | AM27: ='[1]205'!B721 -> 27.559292 | AN27: ='[1]205'!C721 -> 28.209175 | AO27: ='[1]205'!B880 -> 0.25479585 | AP27: ='[1]205'!C880 -> 0.2243459 | AQ27: =AE27-(AG27+AI27+AK27+AM27+AO27) -> 51.626953 | AR27: =AF27-(AH27+AJ27+AL27+AN27+AP27) -> 49.305689 | AS27: ='[1]209'!B32 -> -3.0678604 | AT27: ='[1]209'!C32 -> 2.7890162 | AU27: ='[1]209'!B85 -> 0.024452443 | AV27: ='[1]209'!C85 -> 2.6227673 | AW27: ='[1]209'!B509 -> 0.086500886 | AX27: ='[1]209'!C509 -> 0.049963774 | AY27: ='[1]209'!B562 -> -42.046902 | AZ27: ='[1]209'!C562 -> 27.07717 | BA27: ='[1]209'!B721 -> -5.6196515 | BB27: ='[1]209'!C721 -> 4.7318681 | BC27: - | BD27: - | BE27: - | BF27: - | BG27: ='[1]210'!B32 -> 4.0575966 | BH27: ='[1]210'!C32 -> 4.5363906 | BI27: ='[1]210'!B85 -> 5.8124716 | BJ27: ='[1]210'!C85 -> 5.0456704 | BK27: ='[1]210'!B509 -> 2.88 | BL27: ='[1]210'!C509 -> 6.4295079 | BM27: ='[1]210'!B562 -> 9.7707858 | BN27: ='[1]210'!C562 -> -10.494196 | BO27: ='[1]210'!B721 -> -0.19302753 | BP27: ='[1]210'!C721 -> 3.9352646 | BQ27: - | BR27: - | BS27: - | BT27: - | BU27: ='[1]211'!B32 -> 4.0575966 | BV27: ='[1]211'!C32 -> 4.2997367 | BW27: ='[1]211'!B85 -> 5.8124716 | BX27: ='[1]211'!C85 -> 5.4227143 | BY27: ='[1]211'!B509 -> 2.88 | BZ27: ='[1]211'!C509 -> 4.6251005 | CA27: ='[1]211'!B562 -> 9.7707858 | CB27: ='[1]211'!C562 -> -2.5735056 | CC27: ='[1]211'!B721 -> -0.19302753 | CD27: ='[1]211'!C721 -> 1.8770045 | CE27: - | CF27: - | CG27: - | CH27: - | CI27: ='[1]212'!B32 -> 1.4511741 | CJ27: ='[1]212'!C32 -> -0.30277201 | CK27: ='[1]212'!B85 -> 0.75172512 | CL27: ='[1]212'!C85 -> 1.4592576 | CM27: ='[1]212'!B509 -> -1.1013304 | CN27: ='[1]212'!C509 -> 0.81046008 | CO27: ='[1]212'!B562 -> -7.2581475 | CP27: ='[1]212'!C562 -> 4.1648322 | CQ27: ='[1]212'!B721 -> 0.32621372 | CR27: ='[1]212'!C721 -> 0.15514776 | CS27: - | CT27: - | CU27: - | CV27: - | CW27: ='[1]213'!B32 -> 2.1831384 | CX27: ='[1]213'!C32 -> 1.4232796 | CY27: ='[1]213'!B85 -> 2.4327468 | CZ27: ='[1]213'!C85 -> 2.2716343 | DA27: ='[1]213'!B509 -> 0.21564351 | DB27: ='[1]213'!C509 -> 2.0260965 | DC27: ='[1]213'!B562 -> 3.4929872 | DD27: ='[1]213'!C562 -> 1.1598187 | DE27: ='[1]213'!B721 -> 1.430085 | DF27: ='[1]213'!C721 -> 1.3246738 | DG27: - | DH27: - | DI27: - | DJ27: -
A28: 71 | B28: Sulawesi Utara | C28: ='[1]201'!B34 -> 47300673 | D28: ='[1]201'!C34 -> 50413462 | E28: ='[1]201'!B87 -> 21167157 | F28: ='[1]201'!C87 -> 22183258 | G28: ='[1]201'!B511 -> 1264610.7 | H28: ='[1]201'!C511 -> 1263271.4 | I28: ='[1]201'!B564 -> 4813461.1 | J28: ='[1]201'!C564 -> 5020335.7 | K28: ='[1]201'!B723 -> 13264286 | L28: ='[1]201'!C723 -> 14088144 | M28: ='[1]201'!B882 -> -2223.6291 | N28: ='[1]201'!C882 -> 4973.8348 | O28: =C28-(E28+G28+I28+K28+M28) -> 6793381.5 | P28: =D28-(F28+H28+J28+L28+N28) -> 7853478.7 | Q28: ='[1]202'!B34 -> 26579523 | R28: ='[1]202'!C34 -> 28081725 | S28: ='[1]202'!B87 -> 12511247 | T28: ='[1]202'!C87 -> 13061676 | U28: ='[1]202'!B511 -> 646350.87 | V28: ='[1]202'!C511 -> 651004.59 | W28: ='[1]202'!B564 -> 3586144.8 | X28: ='[1]202'!C564 -> 3696034.3 | Y28: ='[1]202'!B723 -> 7745708.2 | Z28: ='[1]202'!C723 -> 8139048.1 | AA28: ='[1]202'!B882 -> -1409.9622 | AB28: ='[1]202'!C882 -> 3178.6101 | AC28: =Q28-(S28+U28+W28+Y28+AA28) -> 2091481.6 | AD28: =R28-(T28+V28+X28+Z28+AB28) -> 2530782.9 | AE28: ='[1]205'!B34 -> 100 | AF28: ='[1]205'!C34 -> 100 | AG28: ='[1]205'!B87 -> 44.750223 | AH28: ='[1]205'!C87 -> 44.002647 | AI28: ='[1]205'!B511 -> 2.6735575 | AJ28: ='[1]205'!C511 -> 2.5058216 | AK28: ='[1]205'!B564 -> 10.176306 | AL28: ='[1]205'!C564 -> 9.9583237 | AM28: ='[1]205'!B723 -> 28.04249 | AN28: ='[1]205'!C723 -> 27.945203 | AO28: ='[1]205'!B882 -> -0.0047010517 | AP28: ='[1]205'!C882 -> 0.0098660847 | AQ28: =AE28-(AG28+AI28+AK28+AM28+AO28) -> 14.362125 | AR28: =AF28-(AH28+AJ28+AL28+AN28+AP28) -> 15.578138 | AS28: ='[1]209'!B34 -> -7.6646505 | AT28: ='[1]209'!C34 -> 5.6517278 | AU28: ='[1]209'!B87 -> -6.4469712 | AV28: ='[1]209'!C87 -> 4.3994756 | AW28: ='[1]209'!B511 -> -7.03 | AX28: ='[1]209'!C511 -> 0.72 | AY28: ='[1]209'!B564 -> -15.45014 | AZ28: ='[1]209'!C564 -> 3.0642796 | BA28: ='[1]209'!B723 -> -25.716001 | BB28: ='[1]209'!C723 -> 5.0781653 | BC28: - | BD28: - | BE28: - | BF28: - | BG28: ='[1]210'!B34 -> 5.6184137 | BH28: ='[1]210'!C34 -> 5.6378229 | BI28: ='[1]210'!B87 -> 5.8062821 | BJ28: ='[1]210'!C87 -> 3.7993321 | BK28: ='[1]210'!B511 -> -2.8978523 | BL28: ='[1]210'!C511 -> 14.736372 | BM28: ='[1]210'!B564 -> 2.7419744 | BN28: ='[1]210'!C564 -> -4.4718875 | BO28: ='[1]210'!B723 -> 1.1296434 | BP28: ='[1]210'!C723 -> -1.432382 | BQ28: - | BR28: - | BS28: - | BT28: - | BU28: ='[1]211'!B34 -> 5.6184137 | BV28: ='[1]211'!C34 -> 5.6283841 | BW28: ='[1]211'!B87 -> 5.8062821 | BX28: ='[1]211'!C87 -> 4.7716067 | BY28: ='[1]211'!B511 -> -2.8978523 | BZ28: ='[1]211'!C511 -> 5.2167086 | CA28: ='[1]211'!B564 -> 2.7419744 | CB28: ='[1]211'!C564 -> -1.0505186 | CC28: ='[1]211'!B723 -> 1.1296434 | CD28: ='[1]211'!C723 -> -0.19950939 | CE28: - | CF28: - | CG28: - | CH28: - | CI28: ='[1]212'!B34 -> 1.2626454 | CJ28: ='[1]212'!C34 -> 0.87942514 | CK28: ='[1]212'!B87 -> 0.77814892 | CL28: ='[1]212'!C87 -> 0.38399748 | CM28: ='[1]212'!B511 -> 0.72 | CN28: ='[1]212'!C511 -> -0.82 | CO28: ='[1]212'!B564 -> 1.3752697 | CP28: ='[1]212'!C564 -> 1.1968785 | CQ28: ='[1]212'!B723 -> 0.61289236 | CR28: ='[1]212'!C723 -> 1.0781816 | CS28: - | CT28: - | CU28: - | CV28: - | CW28: ='[1]213'!B34 -> 3.310159 | CX28: ='[1]213'!C34 -> 3.1577031 | CY28: ='[1]213'!B87 -> 1.9325121 | CZ28: ='[1]213'!C87 -> 1.1240042 | DA28: ='[1]213'!B511 -> 0.95135332 | DB28: ='[1]213'!C511 -> 0.0035479631 | DC28: ='[1]213'!B564 -> 5.0644625 | DD28: ='[1]213'!C564 -> 5.0927715 | DE28: ='[1]213'!B723 -> 2.7280756 | DF28: ='[1]213'!C723 -> 2.5835524 | DG28: - | DH28: - | DI28: - | DJ28: -
A29: 72 | B29: Sulawesi Tengah | C29: ='[1]201'!B35 -> 95768300 | D29: ='[1]201'!C35 -> 1.0305423e+08 | E29: ='[1]201'!B88 -> 27562490 | F29: ='[1]201'!C88 -> 29282901 | G29: ='[1]201'!B512 -> 1445690.1 | H29: ='[1]201'!C512 -> 1343990.5 | I29: ='[1]201'!B565 -> 4225535.3 | J29: ='[1]201'!C565 -> 5941639.3 | K29: ='[1]201'!B724 -> 39490102 | L29: ='[1]201'!C724 -> 40066140 | M29: ='[1]201'!B883 -> 765003.75 | N29: ='[1]201'!C883 -> 652475.32 | O29: =C29-(E29+G29+I29+K29+M29) -> 22279479 | P29: =D29-(F29+H29+J29+L29+N29) -> 25767081 | Q29: ='[1]202'!B35 -> 53024706 | R29: ='[1]202'!C35 -> 56278170 | S29: ='[1]202'!B88 -> 14938756 | T29: ='[1]202'!C88 -> 15452554 | U29: ='[1]202'!B512 -> 720899.76 | V29: ='[1]202'!C512 -> 656301.32 | W29: ='[1]202'!B565 -> 2167899.5 | X29: ='[1]202'!C565 -> 3008613.6 | Y29: ='[1]202'!B724 -> 21926952 | Z29: ='[1]202'!C724 -> 21903177 | AA29: ='[1]202'!B883 -> 419305.02 | AB29: ='[1]202'!C883 -> 344073.07 | AC29: =Q29-(S29+U29+W29+Y29+AA29) -> 12850894 | AD29: =R29-(T29+V29+X29+Z29+AB29) -> 14913451 | AE29: ='[1]205'!B35 -> 100 | AF29: ='[1]205'!C35 -> 100 | AG29: ='[1]205'!B88 -> 28.780389 | AH29: ='[1]205'!C88 -> 28.415041 | AI29: ='[1]205'!B512 -> 1.5095706 | AJ29: ='[1]205'!C512 -> 1.3041586 | AK29: ='[1]205'!B565 -> 4.4122484 | AL29: ='[1]205'!C565 -> 5.7655465 | AM29: ='[1]205'!B724 -> 41.235046 | AN29: ='[1]205'!C724 -> 38.878696 | AO29: ='[1]205'!B883 -> 0.79880686 | AP29: ='[1]205'!C883 -> 0.63313785 | AQ29: =AE29-(AG29+AI29+AK29+AM29+AO29) -> 23.263939 | AR29: =AF29-(AH29+AJ29+AL29+AN29+AP29) -> 25.00342 | AS29: ='[1]209'!B35 -> -6.0343022 | AT29: ='[1]209'!C35 -> 6.1357503 | AU29: ='[1]209'!B88 -> 0.26542489 | AV29: ='[1]209'!C88 -> 3.4393627 | AW29: ='[1]209'!B512 -> -0.31210522 | AX29: ='[1]209'!C512 -> -8.9608075 | AY29: ='[1]209'!B565 -> -53.426073 | AZ29: ='[1]209'!C565 -> 38.780124 | BA29: ='[1]209'!B724 -> -11.567836 | BB29: ='[1]209'!C724 -> -0.10843062 | BC29: - | BD29: - | BE29: - | BF29: - | BG29: ='[1]210'!B35 -> 8.687894 | BH29: ='[1]210'!C35 -> 7.9537751 | BI29: ='[1]210'!B88 -> 5.0731612 | BJ29: ='[1]210'!C88 -> 4.6991128 | BK29: ='[1]210'!B512 -> 6.3252231 | BL29: ='[1]210'!C512 -> 9.6235467 | BM29: ='[1]210'!B565 -> -2.3866389 | BN29: ='[1]210'!C565 -> -3.7354939 | BO29: ='[1]210'!B724 -> 0.671211 | BP29: ='[1]210'!C724 -> 7.1846915 | BQ29: - | BR29: - | BS29: - | BT29: - | BU29: ='[1]211'!B35 -> 8.687894 | BV29: ='[1]211'!C35 -> 8.3086662 | BW29: ='[1]211'!B88 -> 5.0731612 | BX29: ='[1]211'!C88 -> 4.8826418 | BY29: ='[1]211'!B512 -> 6.3252231 | BZ29: ='[1]211'!C512 -> 7.8719147 | CA29: ='[1]211'!B565 -> -2.3866389 | CB29: ='[1]211'!C565 -> -3.175163 | CC29: ='[1]211'!B724 -> 0.671211 | CD29: ='[1]211'!C724 -> 3.8241315 | CE29: - | CF29: - | CG29: - | CH29: - | CI29: ='[1]212'!B35 -> 2.9470347 | CJ29: ='[1]212'!C35 -> 1.3870151 | CK29: ='[1]212'!B88 -> 1.4946825 | CL29: ='[1]212'!C88 -> 2.7093117 | CM29: ='[1]212'!B512 -> -0.2245129 | CN29: ='[1]212'!C512 -> 2.1157182 | CO29: ='[1]212'!B565 -> -1.3188861 | CP29: ='[1]212'!C565 -> 1.3204895 | CQ29: ='[1]212'!B724 -> 1.8060739 | CR29: ='[1]212'!C724 -> 1.5688205 | CS29: - | CT29: - | CU29: - | CV29: - | CW29: ='[1]213'!B35 -> 1.3578652 | CX29: ='[1]213'!C35 -> 4.4844466e-05 | CY29: ='[1]213'!B88 -> 2.4321564 | CZ29: ='[1]213'!C88 -> 4.2164395 | DA29: ='[1]213'!B512 -> 1.0766262 | DB29: ='[1]213'!C512 -> 3.0841121 | DC29: ='[1]213'!B565 -> 1.5125313 | DD29: ='[1]213'!C565 -> 1.6425104 | DE29: ='[1]213'!B724 -> 3.9233598 | DF29: ='[1]213'!C724 -> 4.3939458 | DG29: - | DH29: - | DI29: - | DJ29: -
A30: 73 | B30: Sulawesi Selatan | C30: ='[1]201'!B36 -> 1.7347254e+08 | D30: ='[1]201'!C36 -> 1.8847619e+08 | E30: ='[1]201'!B89 -> 98680225 | F30: ='[1]201'!C89 -> 1.0222284e+08 | G30: ='[1]201'!B513 -> 3244463.3 | H30: ='[1]201'!C513 -> 3340371.9 | I30: ='[1]201'!B566 -> 9905103.4 | J30: ='[1]201'!C566 -> 14309891 | K30: ='[1]201'!B725 -> 56210593 | L30: ='[1]201'!C725 -> 65146432 | M30: ='[1]201'!B884 -> 606826.37 | N30: ='[1]201'!C884 -> 801843.14 | O30: =C30-(E30+G30+I30+K30+M30) -> 4825329.8 | P30: =D30-(F30+H30+J30+L30+N30) -> 2654811.1 | Q30: ='[1]202'!B36 -> 97367994 | R30: ='[1]202'!C36 -> 1.0455994e+08 | S30: ='[1]202'!B89 -> 53345447 | T30: ='[1]202'!C89 -> 54062507 | U30: ='[1]202'!B513 -> 1644879.9 | V30: ='[1]202'!C513 -> 1649862 | W30: ='[1]202'!B566 -> 5167805.6 | X30: ='[1]202'!C566 -> 7478153.7 | Y30: ='[1]202'!B725 -> 32754020 | Z30: ='[1]202'!C725 -> 37290282 | AA30: ='[1]202'!B884 -> 340604.14 | AB30: ='[1]202'!C884 -> 444834.28 | AC30: =Q30-(S30+U30+W30+Y30+AA30) -> 4115237.1 | AD30: =R30-(T30+V30+X30+Z30+AB30) -> 3634301.4 | AE30: ='[1]205'!B36 -> 100 | AF30: ='[1]205'!C36 -> 100 | AG30: ='[1]205'!B89 -> 56.885213 | AH30: ='[1]205'!C89 -> 54.236475 | AI30: ='[1]205'!B513 -> 1.8703037 | AJ30: ='[1]205'!C513 -> 1.7723044 | AK30: ='[1]205'!B566 -> 5.709897 | AL30: ='[1]205'!C566 -> 7.5924132 | AM30: ='[1]205'!B725 -> 32.403165 | AN30: ='[1]205'!C725 -> 34.564807 | AO30: ='[1]205'!B884 -> 0.3498112 | AP30: ='[1]205'!C884 -> 0.42543471 | AQ30: =AE30-(AG30+AI30+AK30+AM30+AO30) -> 2.7816102 | AR30: =AF30-(AH30+AJ30+AL30+AN30+AP30) -> 1.4085657 | AS30: ='[1]209'!B36 -> -4.1153613 | AT30: ='[1]209'!C36 -> 7.3863562 | AU30: ='[1]209'!B89 -> 4.7789376 | AV30: ='[1]209'!C89 -> 1.3441828 | AW30: ='[1]209'!B513 -> 6.2823623 | AX30: ='[1]209'!C513 -> 0.3028875 | AY30: ='[1]209'!B566 -> -50.298895 | AZ30: ='[1]209'!C566 -> 44.706562 | BA30: ='[1]209'!B725 -> -21.068494 | BB30: ='[1]209'!C725 -> 13.849481 | BC30: - | BD30: - | BE30: - | BF30: - | BG30: ='[1]210'!B36 -> 5.7898135 | BH30: ='[1]210'!C36 -> 4.9438396 | BI30: ='[1]210'!B89 -> 4.707869 | BJ30: ='[1]210'!C89 -> 4.0768813 | BK30: ='[1]210'!B513 -> -11.645739 | BL30: ='[1]210'!C513 -> 15.586591 | BM30: ='[1]210'!B566 -> 0.20759574 | BN30: ='[1]210'!C566 -> -8.7993054 | BO30: ='[1]210'!B725 -> -0.38688756 | BP30: ='[1]210'!C725 -> 5.5243287 | BQ30: - | BR30: - | BS30: - | BT30: - | BU30: ='[1]211'!B36 -> 5.7898135 | BV30: ='[1]211'!C36 -> 5.3500656 | BW30: ='[1]211'!B89 -> 4.707869 | BX30: ='[1]211'!C89 -> 4.3893155 | BY30: ='[1]211'!B513 -> -11.645739 | BZ30: ='[1]211'!C513 -> 0.17247861 | CA30: ='[1]211'!B566 -> 0.20759574 | CB30: ='[1]211'!C566 -> -5.3217059 | CC30: ='[1]211'!B725 -> -0.38688756 | CD30: ='[1]211'!C725 -> 2.6751641 | CE30: - | CF30: - | CG30: - | CH30: - | CI30: ='[1]212'!B36 -> 1.9809544 | CJ30: ='[1]212'!C36 -> 1.1758024 | CK30: ='[1]212'!B89 -> -1.0346599 | CL30: ='[1]212'!C89 -> 2.2160286 | CM30: ='[1]212'!B513 -> -0.32290954 | CN30: ='[1]212'!C513 -> 2.6451723 | CO30: ='[1]212'!B566 -> 1.0143027 | CP30: ='[1]212'!C566 -> -0.16355791 | CQ30: ='[1]212'!B725 -> 1.4972804 | CR30: ='[1]212'!C725 -> 1.7985092 | CS30: - | CT30: - | CU30: - | CV30: - | CW30: ='[1]213'!B36 -> 1.802664 | CX30: ='[1]213'!C36 -> 2.0515934 | CY30: ='[1]213'!B89 -> -0.013225619 | CZ30: ='[1]213'!C89 -> 1.7127815 | DA30: ='[1]213'!B513 -> -0.10195915 | DB30: ='[1]213'!C513 -> 2.1834359 | DC30: ='[1]213'!B566 -> 3.7861308 | DD30: ='[1]213'!C566 -> 1.6974853 | DE30: ='[1]213'!B725 -> 0.2295529 | DF30: ='[1]213'!C725 -> 0.7438193 | DG30: - | DH30: - | DI30: - | DJ30: -
A31: 74 | B31: Sulawesi Tenggara | C31: ='[1]201'!B37 -> 47801163 | D31: ='[1]201'!C37 -> 49819086 | E31: ='[1]201'!B90 -> 22349863 | F31: ='[1]201'!C90 -> 23571773 | G31: ='[1]201'!B514 -> 505879.88 | H31: ='[1]201'!C514 -> 529622.54 | I31: ='[1]201'!B567 -> 5119931.1 | J31: ='[1]201'!C567 -> 5877806.3 | K31: ='[1]201'!B726 -> 14498574 | L31: ='[1]201'!C726 -> 15929346 | M31: ='[1]201'!B885 -> -171507 | N31: ='[1]201'!C885 -> 65618.98 | O31: =C31-(E31+G31+I31+K31+M31) -> 5498422.4 | P31: =D31-(F31+H31+J31+L31+N31) -> 3844919.6 | Q31: ='[1]202'!B37 -> 28501214 | R31: ='[1]202'!C37 -> 29403650 | S31: ='[1]202'!B90 -> 13345623 | T31: ='[1]202'!C90 -> 13680470 | U31: ='[1]202'!B514 -> 332100.75 | V31: ='[1]202'!C514 -> 338397.57 | W31: ='[1]202'!B567 -> 3185359.4 | X31: ='[1]202'!C567 -> 3618444.2 | Y31: ='[1]202'!B726 -> 9295164.4 | Z31: ='[1]202'!C726 -> 10174328 | AA31: ='[1]202'!B885 -> -92160.6 | AB31: ='[1]202'!C885 -> 35150.518 | AC31: =Q31-(S31+U31+W31+Y31+AA31) -> 2435127.7 | AD31: =R31-(T31+V31+X31+Z31+AB31) -> 1556860.3 | AE31: ='[1]205'!B37 -> 100 | AF31: ='[1]205'!C37 -> 100 | AG31: ='[1]205'!B90 -> 46.755898 | AH31: ='[1]205'!C90 -> 47.314744 | AI31: ='[1]205'!B514 -> 1.0583004 | AJ31: ='[1]205'!C514 -> 1.0630916 | AK31: ='[1]205'!B567 -> 10.710892 | AL31: ='[1]205'!C567 -> 11.798302 | AM31: ='[1]205'!B726 -> 30.331006 | AN31: ='[1]205'!C726 -> 31.974384 | AO31: ='[1]205'!B885 -> -0.35879253 | AP31: ='[1]205'!C885 -> 0.13171454 | AQ31: =AE31-(AG31+AI31+AK31+AM31+AO31) -> 11.502696 | AR31: =AF31-(AH31+AJ31+AL31+AN31+AP31) -> 7.7177643 | AS31: ='[1]209'!B37 -> -6.45955 | AT31: ='[1]209'!C37 -> 3.1663075 | AU31: ='[1]209'!B90 -> 0.61421471 | AV31: ='[1]209'!C90 -> 2.5090419 | AW31: ='[1]209'!B514 -> 3.4701216 | AX31: ='[1]209'!C514 -> 1.8960577 | AY31: ='[1]209'!B567 -> -26.617757 | AZ31: ='[1]209'!C567 -> 13.596104 | BA31: ='[1]209'!B726 -> -22.300455 | BB31: ='[1]209'!C726 -> 9.4582892 | BC31: - | BD31: - | BE31: - | BF31: - | BG31: ='[1]210'!B37 -> 5.660319 | BH31: ='[1]210'!C37 -> 5.8949929 | BI31: ='[1]210'!B90 -> 5.7439243 | BJ31: ='[1]210'!C90 -> 4.1119906 | BK31: ='[1]210'!B514 -> 3.023003 | BL31: ='[1]210'!C514 -> -0.032266286 | BM31: ='[1]210'!B567 -> 3.5135499 | BN31: ='[1]210'!C567 -> -6.9750724 | BO31: ='[1]210'!B726 -> -0.5191698 | BP31: ='[1]210'!C726 -> 1.8713095 | BQ31: - | BR31: - | BS31: - | BT31: - | BU31: ='[1]211'!B37 -> 5.660319 | BV31: ='[1]211'!C37 -> 5.7793545 | BW31: ='[1]211'!B90 -> 5.7439243 | BX31: ='[1]211'!C90 -> 4.911504 | BY31: ='[1]211'!B514 -> 3.023003 | BZ31: ='[1]211'!C514 -> 1.4580344 | CA31: ='[1]211'!B567 -> 3.5135499 | CB31: ='[1]211'!C567 -> -2.3423734 | CC31: ='[1]211'!B726 -> -0.5191698 | CD31: ='[1]211'!C726 -> 0.71587336 | CE31: - | CF31: - | CG31: - | CH31: - | CI31: ='[1]212'!B37 -> 0.53318933 | CJ31: ='[1]212'!C37 -> 1.0228013 | CK31: ='[1]212'!B90 -> -0.04740095 | CL31: ='[1]212'!C90 -> 2.8857463 | CM31: ='[1]212'!B514 -> -0.13548813 | CN31: ='[1]212'!C514 -> 2.7452324 | CO31: ='[1]212'!B567 -> 1.8416967 | CP31: ='[1]212'!C567 -> 1.0619604 | CQ31: ='[1]212'!B726 -> 0.25645191 | CR31: ='[1]212'!C726 -> 0.37463931 | CS31: - | CT31: - | CU31: - | CV31: - | CW31: ='[1]213'!B37 -> 1.6757708 | CX31: ='[1]213'!C37 -> 1.7906538 | CY31: ='[1]213'!B90 -> 0.23830355 | CZ31: ='[1]213'!C90 -> 2.1167805 | DA31: ='[1]213'!B514 -> 0.31242445 | DB31: ='[1]213'!C514 -> 2.0605254 | DC31: ='[1]213'!B567 -> 1.8817839 | DD31: ='[1]213'!C567 -> 1.3421855 | DE31: ='[1]213'!B726 -> 1.5408778 | DF31: ='[1]213'!C726 -> 1.22331 | DG31: - | DH31: - | DI31: - | DJ31: -
A32: 75 | B32: Gorontalo | C32: ='[1]201'!B38 -> 14136019 | D32: ='[1]201'!C38 -> 14525028 | E32: ='[1]201'!B91 -> 8727236.7 | F32: ='[1]201'!C91 -> 8986602.6 | G32: ='[1]201'!B515 -> 110332.99 | H32: ='[1]201'!C515 -> 112439.87 | I32: ='[1]201'!B568 -> 2212499.6 | J32: ='[1]201'!C568 -> 2229016.7 | K32: ='[1]201'!B727 -> 3639590.4 | L32: ='[1]201'!C727 -> 3931467.4 | M32: ='[1]201'!B886 -> 173141.55 | N32: ='[1]201'!C886 -> 53640.967 | O32: =C32-(E32+G32+I32+K32+M32) -> -726782.63 | P32: =D32-(F32+H32+J32+L32+N32) -> -788139.62 | Q32: ='[1]202'!B38 -> 8450865.8 | R32: ='[1]202'!C38 -> 8602115.4 | S32: ='[1]202'!B91 -> 5201995 | T32: ='[1]202'!C91 -> 5272807.7 | U32: ='[1]202'!B515 -> 67755.375 | V32: ='[1]202'!C515 -> 68310.234 | W32: ='[1]202'!B568 -> 1256767.7 | X32: ='[1]202'!C568 -> 1263677.5 | Y32: ='[1]202'!B727 -> 2293294.1 | Z32: ='[1]202'!C727 -> 2468932.4 | AA32: ='[1]202'!B886 -> 86180.416 | AB32: ='[1]202'!C886 -> 27931.083 | AC32: =Q32-(S32+U32+W32+Y32+AA32) -> -455126.79 | AD32: =R32-(T32+V32+X32+Z32+AB32) -> -499543.5 | AE32: ='[1]205'!B38 -> 100 | AF32: ='[1]205'!C38 -> 100 | AG32: ='[1]205'!B91 -> 61.737586 | AH32: ='[1]205'!C91 -> 61.869779 | AI32: ='[1]205'!B515 -> 0.78050969 | AJ32: ='[1]205'!C515 -> 0.77411121 | AK32: ='[1]205'!B568 -> 15.651505 | AL32: ='[1]205'!C568 -> 15.346041 | AM32: ='[1]205'!B727 -> 25.746927 | AN32: ='[1]205'!C727 -> 27.066849 | AO32: ='[1]205'!B886 -> 1.2248254 | AP32: ='[1]205'!C886 -> 0.36930027 | AQ32: =AE32-(AG32+AI32+AK32+AM32+AO32) -> -5.1413531 | AR32: =AF32-(AH32+AJ32+AL32+AN32+AP32) -> -5.4260799 | AS32: ='[1]209'!B38 -> 0.14748805 | AT32: ='[1]209'!C38 -> 1.7897523 | AU32: ='[1]209'!B91 -> 1.5617962 | AV32: ='[1]209'!C91 -> 1.3612611 | AW32: ='[1]209'!B515 -> 1.2274129 | AX32: ='[1]209'!C515 -> 0.81891567 | AY32: ='[1]209'!B568 -> -25.607531 | AZ32: ='[1]209'!C568 -> 0.54980529 | BA32: ='[1]209'!B727 -> -7.6115077 | BB32: ='[1]209'!C727 -> 7.6587755 | BC32: - | BD32: - | BE32: - | BF32: - | BG32: ='[1]210'!B38 -> 6.0674568 | BH32: ='[1]210'!C38 -> 5.1449147 | BI32: ='[1]210'!B91 -> 4.8909047 | BJ32: ='[1]210'!C91 -> 4.7721403 | BK32: ='[1]210'!B515 -> 2.7267046 | BL32: ='[1]210'!C515 -> 2.2933811 | BM32: ='[1]210'!B568 -> 1.7974909 | BN32: ='[1]210'!C568 -> -1.0427806 | BO32: ='[1]210'!B727 -> 1.8353428 | BP32: ='[1]210'!C727 -> 5.7408203 | BQ32: - | BR32: - | BS32: - | BT32: - | BU32: ='[1]211'!B38 -> 6.0674568 | BV32: ='[1]211'!C38 -> 5.6000801 | BW32: ='[1]211'!B91 -> 4.8909047 | BX32: ='[1]211'!C91 -> 4.8310874 | BY32: ='[1]211'!B515 -> 2.7267046 | BZ32: ='[1]211'!C515 -> 2.5087014 | CA32: ='[1]211'!B568 -> 1.7974909 | CB32: ='[1]211'!C568 -> 0.35337073 | CC32: ='[1]211'!B727 -> 1.8353428 | CD32: ='[1]211'!C727 -> 3.8233859 | CE32: - | CF32: - | CG32: - | CH32: - | CI32: ='[1]212'!B38 -> 0.69389615 | CJ32: ='[1]212'!C38 -> 0.94523161 | CK32: ='[1]212'!B91 -> -0.17177535 | CL32: ='[1]212'!C91 -> 1.5890215 | CM32: ='[1]212'!B515 -> 0.18186302 | CN32: ='[1]212'!C515 -> 1.0817853 | CO32: ='[1]212'!B568 -> 0.47135737 | CP32: ='[1]212'!C568 -> 0.19565488 | CQ32: ='[1]212'!B727 -> 0.33989427 | CR32: ='[1]212'!C727 -> 0.33506298 | CS32: - | CT32: - | CU32: - | CV32: - | CW32: ='[1]213'!B38 -> 1.5448715 | CX32: ='[1]213'!C38 -> 1.9445542 | CY32: ='[1]213'!B91 -> 0.50161375 | CZ32: ='[1]213'!C91 -> 1.4022277 | DA32: ='[1]213'!B515 -> 1.4819243 | DB32: ='[1]213'!C515 -> 2.0582335 | DC32: ='[1]213'!B568 -> 3.0989954 | DD32: ='[1]213'!C568 -> 2.5769367 | DE32: ='[1]213'!B727 -> 2.2548286 | DF32: ='[1]213'!C727 -> 2.2801674 | DG32: - | DH32: - | DI32: - | DJ32: -
A33: 76 | B33: Sulawesi Barat | C33: ='[1]201'!B39 -> 16561412 | D33: ='[1]201'!C39 -> 18002568 | E33: ='[1]201'!B92 -> 8178324.8 | F33: ='[1]201'!C92 -> 8364977.7 | G33: ='[1]201'!B516 -> 152935.31 | H33: ='[1]201'!C516 -> 155113.24 | I33: ='[1]201'!B569 -> 1790176.9 | J33: ='[1]201'!C569 -> 2289055.2 | K33: ='[1]201'!B728 -> 3980499.5 | L33: ='[1]201'!C728 -> 4307885.1 | M33: ='[1]201'!B887 -> -29777.459 | N33: ='[1]201'!C887 -> 474113.73 | O33: =C33-(E33+G33+I33+K33+M33) -> 2489252.4 | P33: =D33-(F33+H33+J33+L33+N33) -> 2411422.8 | Q33: ='[1]202'!B39 -> 9185738 | R33: ='[1]202'!C39 -> 9795396.7 | S33: ='[1]202'!B92 -> 4781124.3 | T33: ='[1]202'!C92 -> 4862415.3 | U33: ='[1]202'!B516 -> 80422.938 | V33: ='[1]202'!C516 -> 80685.479 | W33: ='[1]202'!B569 -> 998181.31 | X33: ='[1]202'!C569 -> 1197530.4 | Y33: ='[1]202'!B728 -> 2308888.4 | Z33: ='[1]202'!C728 -> 2463562.3 | AA33: ='[1]202'!B887 -> -21518.238 | AB33: ='[1]202'!C887 -> 280297.74 | AC33: =Q33-(S33+U33+W33+Y33+AA33) -> 1038639.3 | AD33: =R33-(T33+V33+X33+Z33+AB33) -> 910905.58 | AE33: ='[1]205'!B39 -> 100 | AF33: ='[1]205'!C39 -> 100 | AG33: ='[1]205'!B92 -> 49.38181 | AH33: ='[1]205'!C92 -> 46.46547 | AI33: ='[1]205'!B516 -> 0.9234437 | AJ33: ='[1]205'!C516 -> 0.86161732 | AK33: ='[1]205'!B569 -> 10.809326 | AL33: ='[1]205'!C569 -> 12.71516 | AM33: ='[1]205'!B728 -> 24.034784 | AN33: ='[1]205'!C728 -> 23.929281 | AO33: ='[1]205'!B887 -> -0.17980025 | AP33: ='[1]205'!C887 -> 2.6335895 | AQ33: =AE33-(AG33+AI33+AK33+AM33+AO33) -> 15.030436 | AR33: =AF33-(AH33+AJ33+AL33+AN33+AP33) -> 13.394883 | AS33: ='[1]209'!B39 -> -4.4467246 | AT33: ='[1]209'!C39 -> 6.6370139 | AU33: ='[1]209'!B92 -> 3.6766321 | AV33: ='[1]209'!C92 -> 1.7002477 | AW33: ='[1]209'!B516 -> 2.2536732 | AX33: ='[1]209'!C516 -> 0.3264512 | AY33: ='[1]209'!B569 -> -47.290737 | AZ33: ='[1]209'!C569 -> 19.971229 | BA33: ='[1]209'!B728 -> -17.466771 | BB33: ='[1]209'!C728 -> 6.6990618 | BC33: - | BD33: - | BE33: - | BF33: - | BG33: ='[1]210'!B39 -> 4.8368039 | BH33: ='[1]210'!C39 -> 4.294977 | BI33: ='[1]210'!B92 -> 5.22792 | BJ33: ='[1]210'!C92 -> 4.1189397 | BK33: ='[1]210'!B516 -> 2.4832479 | BL33: ='[1]210'!C516 -> 5.8452237 | BM33: ='[1]210'!B569 -> 3.8557307 | BN33: ='[1]210'!C569 -> -8.0077407 | BO33: ='[1]210'!B728 -> -2.0705678 | BP33: ='[1]210'!C728 -> 2.5359302 | BQ33: - | BR33: - | BS33: - | BT33: - | BU33: ='[1]211'!B39 -> 4.8368039 | BV33: ='[1]211'!C39 -> 4.5564878 | BW33: ='[1]211'!B92 -> 5.22792 | BX33: ='[1]211'!C92 -> 4.6658187 | BY33: ='[1]211'!B516 -> 2.4832479 | BZ33: ='[1]211'!C516 -> 4.1398469 | CA33: ='[1]211'!B569 -> 3.8557307 | CB33: ='[1]211'!C569 -> -2.9689519 | CC33: ='[1]211'!B728 -> -2.0705678 | CD33: ='[1]211'!C728 -> 0.25441867 | CE33: - | CF33: - | CG33: - | CH33: - | CI33: ='[1]212'!B39 -> 2.5671867 | CJ33: ='[1]212'!C39 -> 1.9363623 | CK33: ='[1]212'!B92 -> 1.4722265 | CL33: ='[1]212'!C92 -> 0.57230917 | CM33: ='[1]212'!B516 -> 1.7853328 | CN33: ='[1]212'!C516 -> 1.0940637 | CO33: ='[1]212'!B569 -> -2.7825935 | CP33: ='[1]212'!C569 -> 6.581839 | CQ33: ='[1]212'!B728 -> -5.1166561 | CR33: ='[1]212'!C728 -> 1.4298843 | CS33: - | CT33: - | CU33: - | CV33: - | CW33: ='[1]213'!B39 -> 6.2422108 | CX33: ='[1]213'!C39 -> 6.2225494 | CY33: ='[1]213'!B92 -> 1.1758351 | CZ33: ='[1]213'!C92 -> 1.7367876 | DA33: ='[1]213'!B516 -> 7.7293204 | DB33: ='[1]213'!C516 -> 8.4683956 | DC33: ='[1]213'!B569 -> 6.2457505 | DD33: ='[1]213'!C569 -> 7.6223128 | DE33: ='[1]213'!B728 -> 4.9146428 | DF33: ='[1]213'!C728 -> 6.6793032 | DG33: - | DH33: - | DI33: - | DJ33: -
A34: 81 | B34: Maluku | C34: ='[1]201'!B41 -> 15892674 | D34: ='[1]201'!C41 -> 16082086 | E34: ='[1]201'!B94 -> 11277734 | F34: ='[1]201'!C94 -> 11454329 | G34: ='[1]201'!B518 -> 480448.98 | H34: ='[1]201'!C518 -> 479707.13 | I34: ='[1]201'!B571 -> 3242540.1 | J34: ='[1]201'!C571 -> 4106444.8 | K34: ='[1]201'!B730 -> 4336257 | L34: ='[1]201'!C730 -> 4475458.5 | M34: ='[1]201'!B889 -> 74374.311 | N34: ='[1]201'!C889 -> 71360.709 | O34: =C34-(E34+G34+I34+K34+M34) -> -3518681.1 | P34: =D34-(F34+H34+J34+L34+N34) -> -4505214.5 | Q34: ='[1]202'!B41 -> 9381525.3 | R34: ='[1]202'!C41 -> 9472297.4 | S34: ='[1]202'!B94 -> 5859176.6 | T34: ='[1]202'!C94 -> 5876558.8 | U34: ='[1]202'!B518 -> 263264.93 | V34: ='[1]202'!C518 -> 258399.44 | W34: ='[1]202'!B571 -> 1744296.8 | X34: ='[1]202'!C571 -> 2182804.4 | Y34: ='[1]202'!B730 -> 2521300.1 | Z34: ='[1]202'!C730 -> 2589382.3 | AA34: ='[1]202'!B889 -> 36936.674 | AB34: ='[1]202'!C889 -> 35377.573 | AC34: =Q34-(S34+U34+W34+Y34+AA34) -> -1043449.8 | AD34: =R34-(T34+V34+X34+Z34+AB34) -> -1470225.1 | AE34: ='[1]205'!B41 -> 100 | AF34: ='[1]205'!C41 -> 100 | AG34: ='[1]205'!B94 -> 70.961845 | AH34: ='[1]205'!C94 -> 71.224151 | AI34: ='[1]205'!B518 -> 3.0230846 | AJ34: ='[1]205'!C518 -> 2.9828664 | AK34: ='[1]205'!B571 -> 20.402735 | AL34: ='[1]205'!C571 -> 25.53428 | AM34: ='[1]205'!B730 -> 27.284628 | AN34: ='[1]205'!C730 -> 27.828844 | AO34: ='[1]205'!B889 -> 0.4679786 | AP34: ='[1]205'!C889 -> 0.44372794 | AQ34: =AE34-(AG34+AI34+AK34+AM34+AO34) -> -22.140271 | AR34: =AF34-(AH34+AJ34+AL34+AN34+AP34) -> -28.013869 | AS34: ='[1]209'!B41 -> -2.9921726 | AT34: ='[1]209'!C41 -> 0.96756237 | AU34: ='[1]209'!B94 -> -0.51646674 | AV34: ='[1]209'!C94 -> 0.29666704 | AW34: ='[1]209'!B518 -> 1.1948335 | AX34: ='[1]209'!C518 -> -1.8481347 | AY34: ='[1]209'!B571 -> -45.898666 | AZ34: ='[1]209'!C571 -> 25.139507 | BA34: ='[1]209'!B730 -> -8.2783419 | BB34: ='[1]209'!C730 -> 2.7002784 | BC34: - | BD34: - | BE34: - | BF34: - | BG34: ='[1]210'!B41 -> 5.0668766 | BH34: ='[1]210'!C41 -> 3.3860028 | BI34: ='[1]210'!B94 -> 3.4115165 | BJ34: ='[1]210'!C94 -> 3.4484852 | BK34: ='[1]210'!B518 -> 4.3604951 | BL34: ='[1]210'!C518 -> 9.610039 | BM34: ='[1]210'!B571 -> 15.013011 | BN34: ='[1]210'!C571 -> -7.1556002 | BO34: ='[1]210'!B730 -> 1.7666314 | BP34: ='[1]210'!C730 -> 0.44770727 | BQ34: - | BR34: - | BS34: - | BT34: - | BU34: ='[1]211'!B41 -> 5.0668766 | BV34: ='[1]211'!C41 -> 4.2156169 | BW34: ='[1]211'!B94 -> 3.4115165 | BX34: ='[1]211'!C94 -> 3.4300249 | BY34: ='[1]211'!B518 -> 4.3604951 | BZ34: ='[1]211'!C518 -> 6.8964105 | CA34: ='[1]211'!B571 -> 15.013011 | CB34: ='[1]211'!C571 -> 1.5373156 | CC34: ='[1]211'!B730 -> 1.7666314 | CD34: ='[1]211'!C730 -> 1.0940841 | CE34: - | CF34: - | CG34: - | CH34: - | CI34: ='[1]212'!B41 -> 0.29376796 | CJ34: ='[1]212'!C41 -> 0.22210849 | CK34: ='[1]212'!B94 -> 1.6452434 | CL34: ='[1]212'!C94 -> 1.2654491 | CM34: ='[1]212'!B518 -> 0.22794212 | CN34: ='[1]212'!C518 -> 1.7256186 | CO34: ='[1]212'!B571 -> 1.8702514 | CP34: ='[1]212'!C571 -> 1.2013246 | CQ34: ='[1]212'!B730 -> 0.25632041 | CR34: ='[1]212'!C730 -> 0.49649253 | CS34: - | CT34: - | CU34: - | CV34: - | CW34: ='[1]213'!B41 -> 1.5991712 | CX34: ='[1]213'!C41 -> 0.55542795 | CY34: ='[1]213'!B94 -> 4.1708437 | CZ34: ='[1]213'!C94 -> 3.3420866 | DA34: ='[1]213'!B518 -> 1.9770557 | DB34: ='[1]213'!C518 -> 3.2904262 | DC34: ='[1]213'!B571 -> 2.3600469 | DD34: ='[1]213'!C571 -> 3.4631534 | DE34: ='[1]213'!B730 -> 1.6818348 | DF34: ='[1]213'!C730 -> 1.9226904 | DG34: - | DH34: - | DI34: - | DJ34: -
A35: 82 | B35: Maluku Utara | C35: ='[1]201'!B42 -> 28848975 | D35: ='[1]201'!C42 -> 31505325 | E35: ='[1]201'!B95 -> 7435114.4 | F35: ='[1]201'!C95 -> 7784048.6 | G35: ='[1]201'!B519 -> 194186.3 | H35: ='[1]201'!C519 -> 204722.29 | I35: ='[1]201'!B572 -> 3035071 | J35: ='[1]201'!C572 -> 3703707.1 | K35: ='[1]201'!B731 -> 10545443 | L35: ='[1]201'!C731 -> 12329007 | M35: ='[1]201'!B890 -> -419568.97 | N35: ='[1]201'!C890 -> -974568.69 | O35: =C35-(E35+G35+I35+K35+M35) -> 8058729 | P35: =D35-(F35+H35+J35+L35+N35) -> 8458408.9 | Q35: ='[1]202'!B42 -> 16765779 | R35: ='[1]202'!C42 -> 17630670 | S35: ='[1]202'!B95 -> 4298426.5 | T35: ='[1]202'!C95 -> 4424216 | U35: ='[1]202'!B519 -> 111950.83 | V35: ='[1]202'!C519 -> 112929.38 | W35: ='[1]202'!B572 -> 1724193.7 | X35: ='[1]202'!C572 -> 2068015.6 | Y35: ='[1]202'!B731 -> 6468141.5 | Z35: ='[1]202'!C731 -> 7448674.8 | AA35: ='[1]202'!B890 -> -162102.5 | AB35: ='[1]202'!C890 -> -320470.78 | AC35: =Q35-(S35+U35+W35+Y35+AA35) -> 4325168.9 | AD35: =R35-(T35+V35+X35+Z35+AB35) -> 3897305.2 | AE35: ='[1]205'!B42 -> 100 | AF35: ='[1]205'!C42 -> 100 | AG35: ='[1]205'!B95 -> 25.772543 | AH35: ='[1]205'!C95 -> 24.707089 | AI35: ='[1]205'!B519 -> 0.67311333 | AJ35: ='[1]205'!C519 -> 0.64980219 | AK35: ='[1]205'!B572 -> 10.520551 | AL35: ='[1]205'!C572 -> 11.755813 | AM35: ='[1]205'!B731 -> 36.553962 | AN35: ='[1]205'!C731 -> 39.13309 | AO35: ='[1]205'!B890 -> -1.4543635 | AP35: ='[1]205'!C890 -> -3.0933459 | AQ35: =AE35-(AG35+AI35+AK35+AM35+AO35) -> 27.934195 | AR35: =AF35-(AH35+AJ35+AL35+AN35+AP35) -> 26.847553 | AS35: ='[1]209'!B42 -> 2.6230468 | AT35: ='[1]209'!C42 -> 5.1586704 | AU35: ='[1]209'!B95 -> -2.3535298 | AV35: ='[1]209'!C95 -> 2.9264077 | AW35: ='[1]209'!B519 -> -1.9676237 | AX35: ='[1]209'!C519 -> 0.87409105 | AY35: ='[1]209'!B572 -> -47.736221 | AZ35: ='[1]209'!C572 -> 19.941022 | BA35: ='[1]209'!B731 -> -18.945507 | BB35: ='[1]209'!C731 -> 15.159429 | BC35: - | BD35: - | BE35: - | BF35: - | BG35: ='[1]210'!B42 -> 34.414372 | BH35: ='[1]210'!C42 -> 32.087042 | BI35: ='[1]210'!B95 -> 4.9910592 | BJ35: ='[1]210'!C95 -> 4.584582 | BK35: ='[1]210'!B519 -> -2.0363039 | BL35: ='[1]210'!C519 -> 1.7674369 | BM35: ='[1]210'!B572 -> 9.867865 | BN35: ='[1]210'!C572 -> -3.4035349 | BO35: ='[1]210'!B731 -> 18.181013 | BP35: ='[1]210'!C731 -> 15.035952 | BQ35: - | BR35: - | BS35: - | BT35: - | BU35: ='[1]211'!B42 -> 34.414372 | BV35: ='[1]211'!C42 -> 33.211293 | BW35: ='[1]211'!B95 -> 4.9910592 | BX35: ='[1]211'!C95 -> 4.7844956 | BY35: ='[1]211'!B519 -> -2.0363039 | BZ35: ='[1]211'!C519 -> -0.16237974 | CA35: ='[1]211'!B572 -> 9.867865 | CB35: ='[1]211'!C572 -> 2.2099559 | CC35: ='[1]211'!B731 -> 18.181013 | CD35: ='[1]211'!C731 -> 16.476606 | CE35: - | CF35: - | CG35: - | CH35: - | CI35: ='[1]212'!B42 -> -1.7014685 | CJ35: ='[1]212'!C42 -> 3.8504773 | CK35: ='[1]212'!B95 -> 0.20571047 | CL35: ='[1]212'!C95 -> 1.7164207 | CM35: ='[1]212'!B519 -> -1.2949293 | CN35: ='[1]212'!C519 -> 4.5121858 | CO35: ='[1]212'!B572 -> -2.4873541 | CP35: ='[1]212'!C572 -> 1.7419449 | CQ35: ='[1]212'!B731 -> 0.29213438 | CR35: ='[1]212'!C731 -> 1.5228416 | CS35: - | CT35: - | CU35: - | CV35: - | CW35: ='[1]213'!B42 -> 1.7293106 | CX35: ='[1]213'!C42 -> 1.1597283 | CY35: ='[1]213'!B95 -> 0.99659225 | CZ35: ='[1]213'!C95 -> 2.6084728 | DA35: ='[1]213'!B519 -> -0.040846867 | DB35: ='[1]213'!C519 -> 3.8922197 | DC35: ='[1]213'!B572 -> 0.49220757 | DD35: ='[1]213'!C572 -> 0.479964 | DE35: ='[1]213'!B731 -> 0.89871202 | DF35: ='[1]213'!C731 -> 2.4302982 | DG35: - | DH35: - | DI35: - | DJ35: -
A36: 91 | B36: Papua Barat | C36: ='[1]201'!B43 -> 20162885 | D36: ='[1]201'!C43 -> 20323959 | E36: ='[1]201'!B96 -> 3601935.7 | F36: ='[1]201'!C96 -> 3727480.9 | G36: ='[1]201'!B520 -> 165061.09 | H36: ='[1]201'!C520 -> 165499.63 | I36: ='[1]201'!B573 -> 2331595 | J36: ='[1]201'!C573 -> 2505796 | K36: ='[1]201'!B732 -> 1793569 | L36: ='[1]201'!C732 -> 1917137.2 | M36: ='[1]201'!B891 -> -529840.38 | N36: ='[1]201'!C891 -> 187949.89 | O36: =C36-(E36+G36+I36+K36+M36) -> 12800565 | P36: =D36-(F36+H36+J36+L36+N36) -> 11820096 | Q36: ='[1]202'!B43 -> 12964362 | R36: ='[1]202'!C43 -> 13103469 | S36: ='[1]202'!B96 -> 2283633.6 | T36: ='[1]202'!C96 -> 2309798.6 | U36: ='[1]202'!B520 -> 98601.436 | V36: ='[1]202'!C520 -> 98713.003 | W36: ='[1]202'!B573 -> 1234062.1 | X36: ='[1]202'!C573 -> 1324373.2 | Y36: ='[1]202'!B732 -> 1112739.7 | Z36: ='[1]202'!C732 -> 1195620.3 | AA36: ='[1]202'!B891 -> -744211.4 | AB36: ='[1]202'!C891 -> 140385.02 | AC36: =Q36-(S36+U36+W36+Y36+AA36) -> 8979536.7 | AD36: =R36-(T36+V36+X36+Z36+AB36) -> 8034579.1 | AE36: ='[1]205'!B43 -> 100 | AF36: ='[1]205'!C43 -> 100 | AG36: ='[1]205'!B96 -> 17.864188 | AH36: ='[1]205'!C96 -> 18.340329 | AI36: ='[1]205'!B520 -> 0.81863825 | AJ36: ='[1]205'!C520 -> 0.81430803 | AK36: ='[1]205'!B573 -> 11.563796 | AL36: ='[1]205'!C573 -> 12.329271 | AM36: ='[1]205'!B732 -> 8.8953985 | AN36: ='[1]205'!C732 -> 9.4328923 | AO36: ='[1]205'!B891 -> -2.6278004 | AP36: ='[1]205'!C891 -> 0.92477004 | AQ36: =AE36-(AG36+AI36+AK36+AM36+AO36) -> 63.485779 | AR36: =AF36-(AH36+AJ36+AL36+AN36+AP36) -> 58.15843 | AS36: ='[1]209'!B43 -> 0.75811978 | AT36: ='[1]209'!C43 -> 1.0729965 | AU36: ='[1]209'!B96 -> 0.59799868 | AV36: ='[1]209'!C96 -> 1.1457626 | AW36: ='[1]209'!B520 -> 4.6797388 | AX36: ='[1]209'!C520 -> 0.11314987 | AY36: ='[1]209'!B573 -> -30.844319 | AZ36: ='[1]209'!C573 -> 7.3181958 | BA36: ='[1]209'!B732 -> -20.236922 | BB36: ='[1]209'!C732 -> 7.4483421 | BC36: - | BD36: - | BE36: - | BF36: - | BG36: ='[1]210'!B43 -> 25.531503 | BH36: ='[1]210'!C43 -> -0.23254592 | BI36: ='[1]210'!B96 -> 6.2761181 | BJ36: ='[1]210'!C96 -> 4.8411367 | BK36: ='[1]210'!B520 -> 0.062056736 | BL36: ='[1]210'!C520 -> 9.2571188 | BM36: ='[1]210'!B573 -> 8.614661 | BN36: ='[1]210'!C573 -> 3.0996309 | BO36: ='[1]210'!B732 -> -2.3020385 | BP36: ='[1]210'!C732 -> -2.4041255 | BQ36: - | BR36: - | BS36: - | BT36: - | BU36: ='[1]211'!B43 -> 25.531503 | BV36: ='[1]211'!C43 -> 11.108553 | BW36: ='[1]211'!B96 -> 6.2761181 | BX36: ='[1]211'!C96 -> 5.549664 | BY36: ='[1]211'!B520 -> 0.062056736 | BZ36: ='[1]211'!C520 -> 4.4602201 | CA36: ='[1]211'!B573 -> 8.614661 | CB36: ='[1]211'!C573 -> 5.6881313 | CC36: ='[1]211'!B732 -> -2.3020385 | CD36: ='[1]211'!C732 -> -2.3549413 | CE36: - | CF36: - | CG36: - | CH36: - | CI36: ='[1]212'!B43 -> 0.63523525 | CJ36: ='[1]212'!C43 -> -0.27122063 | CK36: ='[1]212'!B96 -> 0.52603863 | CL36: ='[1]212'!C96 -> 2.3132278 | CM36: ='[1]212'!B520 -> -3.3014071 | CN36: ='[1]212'!C520 -> 0.15236299 | CO36: ='[1]212'!B573 -> -2.6140038 | CP36: ='[1]212'!C573 -> 0.14268669 | CQ36: ='[1]212'!B732 -> 0.31619814 | CR36: ='[1]212'!C732 -> -0.52008844 | CS36: - | CT36: - | CU36: - | CV36: - | CW36: ='[1]213'!B43 -> 1.1648012 | CX36: ='[1]213'!C43 -> 0.94127572 | CY36: ='[1]213'!B96 -> 0.35160438 | CZ36: ='[1]213'!C96 -> 0.72965236 | DA36: ='[1]213'!B520 -> -7.364163 | DB36: ='[1]213'!C520 -> -2.960336 | DC36: ='[1]213'!B573 -> 7.9833295 | DD36: ='[1]213'!C573 -> 5.9265251 | DE36: ='[1]213'!B732 -> 1.7804691 | DF36: ='[1]213'!C732 -> 3.3697432 | DG36: - | DH36: - | DI36: - | DJ36: -
A37: 92 | B37: Papua Barat Daya | C37: ='[1]201'!B44 -> 9601215.9 | D37: ='[1]201'!C44 -> 9739854.7 | E37: ='[1]201'!B97 -> 4612127 | F37: ='[1]201'!C97 -> 4638372.1 | G37: ='[1]201'!B521 -> 150028.31 | H37: ='[1]201'!C521 -> 147207.49 | I37: ='[1]201'!B574 -> 1763363.1 | J37: ='[1]201'!C574 -> 1971349.1 | K37: ='[1]201'!B733 -> 1487757.8 | L37: ='[1]201'!C733 -> 1574871.1 | M37: ='[1]201'!B892 -> -64669.829 | N37: ='[1]201'!C892 -> -250809.65 | O37: =C37-(E37+G37+I37+K37+M37) -> 1652609.4 | P37: =D37-(F37+H37+J37+L37+N37) -> 1658864.7 | Q37: ='[1]202'!B44 -> 6357675.5 | R37: ='[1]202'!C44 -> 6442791.3 | S37: ='[1]202'!B97 -> 2660283.5 | T37: ='[1]202'!C97 -> 2640648.3 | U37: ='[1]202'!B521 -> 81263.378 | V37: ='[1]202'!C521 -> 78352.075 | W37: ='[1]202'!B574 -> 967198.46 | X37: ='[1]202'!C574 -> 1006840.8 | Y37: ='[1]202'!B733 -> 835487.07 | Z37: ='[1]202'!C733 -> 901184.84 | AA37: ='[1]202'!B892 -> -208085.4 | AB37: ='[1]202'!C892 -> -236001.54 | AC37: =Q37-(S37+U37+W37+Y37+AA37) -> 2021528.6 | AD37: =R37-(T37+V37+X37+Z37+AB37) -> 2051766.8 | AE37: ='[1]205'!B44 -> 100 | AF37: ='[1]205'!C44 -> 100 | AG37: ='[1]205'!B97 -> 48.036906 | AH37: ='[1]205'!C97 -> 47.6226 | AI37: ='[1]205'!B521 -> 1.562597 | AJ37: ='[1]205'!C521 -> 1.5113931 | AK37: ='[1]205'!B574 -> 18.36604 | AL37: ='[1]205'!C574 -> 20.240025 | AM37: ='[1]205'!B733 -> 15.495514 | AN37: ='[1]205'!C733 -> 16.169349 | AO37: ='[1]205'!B892 -> -0.67355874 | AP37: ='[1]205'!C892 -> -2.5750861 | AQ37: =AE37-(AG37+AI37+AK37+AM37+AO37) -> 17.212502 | AR37: =AF37-(AH37+AJ37+AL37+AN37+AP37) -> 17.031719 | AS37: ='[1]209'!B44 -> 0.24183263 | AT37: ='[1]209'!C44 -> 1.3387869 | AU37: ='[1]209'!B97 -> 1.193022 | AV37: ='[1]209'!C97 -> -0.73808613 | AW37: ='[1]209'!B521 -> 4.7528245 | AX37: ='[1]209'!C521 -> -3.5825521 | AY37: ='[1]209'!B574 -> -24.091355 | AZ37: ='[1]209'!C574 -> 4.0986809 | BA37: ='[1]209'!B733 -> -16.009767 | BB37: ='[1]209'!C733 -> 7.8634094 | BC37: - | BD37: - | BE37: - | BF37: - | BG37: ='[1]210'!B44 -> 4.8185854 | BH37: ='[1]210'!C44 -> 3.1910105 | BI37: ='[1]210'!B97 -> 7.5155469 | BJ37: ='[1]210'!C97 -> 3.8697324 | BK37: ='[1]210'!B521 -> 9.519934 | BL37: ='[1]210'!C521 -> 15.919101 | BM37: ='[1]210'!B574 -> 7.4678057 | BN37: ='[1]210'!C574 -> 5.5233448 | BO37: ='[1]210'!B733 -> 2.1510508 | BP37: ='[1]210'!C733 -> 0.23332248 | BQ37: - | BR37: - | BS37: - | BT37: - | BU37: ='[1]211'!B44 -> 4.8185854 | BV37: ='[1]211'!C44 -> 3.9930198 | BW37: ='[1]211'!B97 -> 7.5155469 | BX37: ='[1]211'!C97 -> 5.6679502 | BY37: ='[1]211'!B521 -> 9.519934 | BZ37: ='[1]211'!C521 -> 12.570414 | CA37: ='[1]211'!B574 -> 7.4678057 | CB37: ='[1]211'!C574 -> 6.4671804 | CC37: ='[1]211'!B733 -> 2.1510508 | CD37: ='[1]211'!C733 -> 1.1468434 | CE37: - | CF37: - | CG37: - | CH37: - | CI37: ='[1]212'!B44 -> 0.56368185 | CJ37: ='[1]212'!C44 -> 0.10379514 | CK37: ='[1]212'!B97 -> 0.34538943 | CL37: ='[1]212'!C97 -> 1.316849 | CM37: ='[1]212'!B521 -> -1.249724 | CN37: ='[1]212'!C521 -> 1.7656163 | CO37: ='[1]212'!B574 -> 0.10971595 | CP37: ='[1]212'!C574 -> 7.3931419 | CQ37: ='[1]212'!B733 -> -0.3987593 | CR37: ='[1]212'!C733 -> -1.8616778 | CS37: - | CT37: - | CU37: - | CV37: - | CW37: ='[1]213'!B44 -> 2.1537735 | CX37: ='[1]213'!C44 -> 2.343311 | CY37: ='[1]213'!B97 -> 1.6706565 | CZ37: ='[1]213'!C97 -> 1.1218992 | DA37: ='[1]213'!B521 -> -0.62849539 | DB37: ='[1]213'!C521 -> 1.2429898 | DC37: ='[1]213'!B574 -> -8.2691017 | DD37: ='[1]213'!C574 -> -3.8370659 | DE37: ='[1]213'!B733 -> 5.255044 | DF37: ='[1]213'!C733 -> 1.0243921 | DG37: - | DH37: - | DI37: - | DJ37: -
A38: 94 | B38: Papua | C38: ='[1]201'!B45 -> 21834859 | D38: ='[1]201'!C45 -> 22394800 | E38: ='[1]201'!B98 -> 12052926 | F38: ='[1]201'!C98 -> 12475395 | G38: ='[1]201'!B522 -> 1261183.6 | H38: ='[1]201'!C522 -> 1285342.1 | I38: ='[1]201'!B575 -> 5920777.9 | J38: ='[1]201'!C575 -> 6299391.5 | K38: ='[1]201'!B734 -> 8048606.7 | L38: ='[1]201'!C734 -> 8083720.1 | M38: ='[1]201'!B893 -> 118384.11 | N38: ='[1]201'!C893 -> 130658.85 | O38: =C38-(E38+G38+I38+K38+M38) -> -5567019.2 | P38: =D38-(F38+H38+J38+L38+N38) -> -5879708.3 | Q38: ='[1]202'!B45 -> 13080080 | R38: ='[1]202'!C45 -> 13261734 | S38: ='[1]202'!B98 -> 6650221.3 | T38: ='[1]202'!C98 -> 6801933 | U38: ='[1]202'!B522 -> 691077.3 | V38: ='[1]202'!C522 -> 693890.22 | W38: ='[1]202'!B575 -> 3315617.7 | X38: ='[1]202'!C575 -> 3504023.4 | Y38: ='[1]202'!B734 -> 4394755.5 | Z38: ='[1]202'!C734 -> 4404685.7 | AA38: ='[1]202'!B893 -> 58149.416 | AB38: ='[1]202'!C893 -> 64027.622 | AC38: =Q38-(S38+U38+W38+Y38+AA38) -> -2029741.6 | AD38: =R38-(T38+V38+X38+Z38+AB38) -> -2206825.7 | AE38: ='[1]205'!B45 -> 100 | AF38: ='[1]205'!C45 -> 100 | AG38: ='[1]205'!B98 -> 55.200383 | AH38: ='[1]205'!C98 -> 55.706662 | AI38: ='[1]205'!B522 -> 5.7760101 | AJ38: ='[1]205'!C522 -> 5.7394671 | AK38: ='[1]205'!B575 -> 27.116172 | AL38: ='[1]205'!C575 -> 28.128814 | AM38: ='[1]205'!B734 -> 36.861272 | AN38: ='[1]205'!C734 -> 36.096416 | AO38: ='[1]205'!B893 -> 0.54217941 | AP38: ='[1]205'!C893 -> 0.58343387 | AQ38: =AE38-(AG38+AI38+AK38+AM38+AO38) -> -25.496017 | AR38: =AF38-(AH38+AJ38+AL38+AN38+AP38) -> -26.254793 | AS38: ='[1]209'!B45 -> -1.5272163 | AT38: ='[1]209'!C45 -> 1.3887881 | AU38: ='[1]209'!B98 -> -1.9296207 | AV38: ='[1]209'!C98 -> 2.281302 | AW38: ='[1]209'!B522 -> -3.0149524 | AX38: ='[1]209'!C522 -> 0.40703451 | AY38: ='[1]209'!B575 -> -24.040442 | AZ38: ='[1]209'!C575 -> 5.6823729 | BA38: ='[1]209'!B734 -> -9.4674814 | BB38: ='[1]209'!C734 -> 0.22595391 | BC38: - | BD38: - | BE38: - | BF38: - | BG38: ='[1]210'!B45 -> 3.910196 | BH38: ='[1]210'!C45 -> 3.5507029 | BI38: ='[1]210'!B98 -> 3.5602357 | BJ38: ='[1]210'!C98 -> 3.4508023 | BK38: ='[1]210'!B522 -> -6.1772381 | BL38: ='[1]210'!C522 -> 5.9646261 | BM38: ='[1]210'!B575 -> -2.9924032 | BN38: ='[1]210'!C575 -> -0.60537729 | BO38: ='[1]210'!B734 -> 0.23033758 | BP38: ='[1]210'!C734 -> 0.1093197 | BQ38: - | BR38: - | BS38: - | BT38: - | BU38: ='[1]211'!B45 -> 3.910196 | BV38: ='[1]211'!C45 -> 3.7288985 | BW38: ='[1]211'!B98 -> 3.5602357 | BX38: ='[1]211'!C98 -> 3.504873 | BY38: ='[1]211'!B522 -> -6.1772381 | BZ38: ='[1]211'!C522 -> -0.46297413 | CA38: ='[1]211'!B575 -> -2.9924032 | CB38: ='[1]211'!C575 -> -1.7804166 | CC38: ='[1]211'!B734 -> 0.23033758 | CD38: ='[1]211'!C734 -> 0.16972381 | CE38: - | CF38: - | CG38: - | CH38: - | CI38: ='[1]212'!B45 -> -0.0043171027 | CJ38: ='[1]212'!C45 -> 1.1595442 | CK38: ='[1]212'!B98 -> -0.64567098 | CL38: ='[1]212'!C98 -> 1.1965242 | CM38: ='[1]212'!B522 -> -0.60556102 | CN38: ='[1]212'!C522 -> 1.5023923 | CO38: ='[1]212'!B575 -> 2.8391268 | CP38: ='[1]212'!C575 -> 0.67398974 | CQ38: ='[1]212'!B734 -> 0.099611215 | CR38: ='[1]212'!C734 -> 0.2098385 | CS38: - | CT38: - | CU38: - | CV38: - | CW38: ='[1]213'!B45 -> 1.0060565 | CX38: ='[1]213'!C45 -> 0.89456389 | CY38: ='[1]213'!B98 -> 1.5685664 | CZ38: ='[1]213'!C98 -> 1.1521683 | DA38: ='[1]213'!B522 -> 1.1864386 | DB38: ='[1]213'!C522 -> 0.82479065 | DC38: ='[1]213'!B575 -> 1.6062079 | DD38: ='[1]213'!C575 -> 1.555383 | DE38: ='[1]213'!B734 -> 0.76178744 | DF38: ='[1]213'!C734 -> 0.69468381 | DG38: - | DH38: - | DI38: - | DJ38: -
A39: 95 | B39: Papua Selatan | C39: ='[1]201'!B46 -> 8642616 | D39: ='[1]201'!C46 -> 8842616.9 | E39: ='[1]201'!B99 -> 6329074.6 | F39: ='[1]201'!C99 -> 6557533.5 | G39: ='[1]201'!B523 -> 108747.35 | H39: ='[1]201'!C523 -> 112051.26 | I39: ='[1]201'!B576 -> 1771237.4 | J39: ='[1]201'!C576 -> 1863473.2 | K39: ='[1]201'!B735 -> 2908326 | L39: ='[1]201'!C735 -> 3023119.4 | M39: ='[1]201'!B894 -> 153378.49 | N39: ='[1]201'!C894 -> 33689.258 | O39: =C39-(E39+G39+I39+K39+M39) -> -2628147.8 | P39: =D39-(F39+H39+J39+L39+N39) -> -2747249.7 | Q39: ='[1]202'!B46 -> 4817659.3 | R39: ='[1]202'!C46 -> 4888847 | S39: ='[1]202'!B99 -> 3474208.7 | T39: ='[1]202'!C99 -> 3509195.4 | U39: ='[1]202'!B523 -> 67089.961 | V39: ='[1]202'!C523 -> 67131.932 | W39: ='[1]202'!B576 -> 1018209.2 | X39: ='[1]202'!C576 -> 1063607.9 | Y39: ='[1]202'!B735 -> 1582011.4 | Z39: ='[1]202'!C735 -> 1640622.5 | AA39: ='[1]202'!B894 -> 88971.101 | AB39: ='[1]202'!C894 -> 19496.316 | AC39: =Q39-(S39+U39+W39+Y39+AA39) -> -1412831.1 | AD39: =R39-(T39+V39+X39+Z39+AB39) -> -1411207 | AE39: ='[1]205'!B46 -> 100 | AF39: ='[1]205'!C46 -> 100 | AG39: ='[1]205'!B99 -> 73.231006 | AH39: ='[1]205'!C99 -> 74.15829 | AI39: ='[1]205'!B523 -> 1.258269 | AJ39: ='[1]205'!C523 -> 1.267173 | AK39: ='[1]205'!B576 -> 20.494227 | AL39: ='[1]205'!C576 -> 21.073775 | AM39: ='[1]205'!B735 -> 33.650991 | AN39: ='[1]205'!C735 -> 34.188062 | AO39: ='[1]205'!B894 -> 1.7746766 | AP39: ='[1]205'!C894 -> 0.38098742 | AQ39: =AE39-(AG39+AI39+AK39+AM39+AO39) -> -30.40917 | AR39: =AF39-(AH39+AJ39+AL39+AN39+AP39) -> -31.068288 | AS39: ='[1]209'!B46 -> -1.457709 | AT39: ='[1]209'!C46 -> 1.4776413 | AU39: ='[1]209'!B99 -> -0.22984407 | AV39: ='[1]209'!C99 -> 1.007041 | AW39: ='[1]209'!B523 -> -4.2840704 | AX39: ='[1]209'!C523 -> 0.062558836 | AY39: ='[1]209'!B576 -> -23.591195 | AZ39: ='[1]209'!C576 -> 4.4586805 | BA39: ='[1]209'!B735 -> -10.874803 | BB39: ='[1]209'!C735 -> 3.7048431 | BC39: - | BD39: - | BE39: - | BF39: - | BG39: ='[1]210'!B46 -> 4.1978548 | BH39: ='[1]210'!C46 -> 3.9901355 | BI39: ='[1]210'!B99 -> 3.3121835 | BJ39: ='[1]210'!C99 -> 3.5713292 | BK39: ='[1]210'!B523 -> -6.5270837 | BL39: ='[1]210'!C523 -> 6.4337571 | BM39: ='[1]210'!B576 -> -3.8938045 | BN39: ='[1]210'!C576 -> -0.32161191 | BO39: ='[1]210'!B735 -> 2.8104393 | BP39: ='[1]210'!C735 -> 4.8512722 | BQ39: - | BR39: - | BS39: - | BT39: - | BU39: ='[1]211'!B46 -> 4.1978548 | BV39: ='[1]211'!C46 -> 4.0931298 | BW39: ='[1]211'!B99 -> 3.3121835 | BX39: ='[1]211'!C99 -> 3.4422432 | BY39: ='[1]211'!B523 -> -6.5270837 | BZ39: ='[1]211'!C523 -> -0.4647999 | CA39: ='[1]211'!B576 -> -3.8938045 | CB39: ='[1]211'!C576 -> -2.1013441 | CC39: ='[1]211'!B735 -> 2.8104393 | CD39: ='[1]211'!C735 -> 3.8393876 | CE39: - | CF39: - | CG39: - | CH39: - | CI39: ='[1]212'!B46 -> 0.96144614 | CJ39: ='[1]212'!C46 -> 0.82430283 | CK39: ='[1]212'!B99 -> 1.9459744 | CL39: ='[1]212'!C99 -> 2.5766825 | CM39: ='[1]212'!B523 -> 1.6958663 | CN39: ='[1]212'!C523 -> 2.9737249 | CO39: ='[1]212'!B576 -> 2.8388492 | CP39: ='[1]212'!C576 -> 0.71678599 | CQ39: ='[1]212'!B735 -> 0.11144968 | CR39: ='[1]212'!C735 -> 0.23356475 | CS39: - | CT39: - | CU39: - | CV39: - | CW39: ='[1]213'!B46 -> 2.7586517 | CX39: ='[1]213'!C46 -> 2.8189401 | CY39: ='[1]213'!B99 -> 2.3345404 | CZ39: ='[1]213'!C99 -> 3.6152455 | DA39: ='[1]213'!B523 -> 0.27512255 | DB39: ='[1]213'!C523 -> 2.1031668 | DC39: ='[1]213'!B576 -> 1.5887086 | DD39: ='[1]213'!C576 -> 1.5775039 | DE39: ='[1]213'!B735 -> 0.80125806 | DF39: ='[1]213'!C735 -> 0.75555571 | DG39: - | DH39: - | DI39: - | DJ39: -
A40: 96 | B40: Papua Tengah | C40: ='[1]201'!B47 -> 37024435 | D40: ='[1]201'!C47 -> 44439459 | E40: ='[1]201'!B100 -> 9710769.8 | F40: ='[1]201'!C100 -> 10051215 | G40: ='[1]201'!B524 -> 210570.08 | H40: ='[1]201'!C524 -> 219426.27 | I40: ='[1]201'!B577 -> 2630095.6 | J40: ='[1]201'!C577 -> 2831801.7 | K40: ='[1]201'!B736 -> 7982782.7 | L40: ='[1]201'!C736 -> 8516248.5 | M40: ='[1]201'!B895 -> 8454982.4 | N40: ='[1]201'!C895 -> -9701941.6 | O40: =C40-(E40+G40+I40+K40+M40) -> 8035234.2 | P40: =D40-(F40+H40+J40+L40+N40) -> 32522709 | Q40: ='[1]202'!B47 -> 20512962 | R40: ='[1]202'!C47 -> 23414647 | S40: ='[1]202'!B100 -> 5191342.9 | T40: ='[1]202'!C100 -> 5255676.4 | U40: ='[1]202'!B524 -> 117815.73 | V40: ='[1]202'!C524 -> 119326.23 | W40: ='[1]202'!B577 -> 1520388.9 | X40: ='[1]202'!C577 -> 1594531.9 | Y40: ='[1]202'!B736 -> 4514056.4 | Z40: ='[1]202'!C736 -> 4801032.3 | AA40: ='[1]202'!B895 -> 2703514.5 | AB40: ='[1]202'!C895 -> -3011830.8 | AC40: =Q40-(S40+U40+W40+Y40+AA40) -> 6465844.1 | AD40: =R40-(T40+V40+X40+Z40+AB40) -> 14655911 | AE40: ='[1]205'!B47 -> 100 | AF40: ='[1]205'!C47 -> 100 | AG40: ='[1]205'!B100 -> 26.228003 | AH40: ='[1]205'!C100 -> 22.617772 | AI40: ='[1]205'!B524 -> 0.56873274 | AJ40: ='[1]205'!C524 -> 0.49376449 | AK40: ='[1]205'!B577 -> 7.1036752 | AL40: ='[1]205'!C577 -> 6.3722686 | AM40: ='[1]205'!B736 -> 21.56085 | AN40: ='[1]205'!C736 -> 19.163709 | AO40: ='[1]205'!B895 -> 22.836223 | AP40: ='[1]205'!C895 -> -21.831818 | AQ40: =AE40-(AG40+AI40+AK40+AM40+AO40) -> 21.702517 | AR40: =AF40-(AH40+AJ40+AL40+AN40+AP40) -> 73.184304 | AS40: ='[1]209'!B47 -> -20.26997 | AT40: ='[1]209'!C47 -> 14.145615 | AU40: ='[1]209'!B100 -> -0.66383509 | AV40: ='[1]209'!C100 -> 1.2392466 | AW40: ='[1]209'!B524 -> -1.4075044 | AX40: ='[1]209'!C524 -> 1.2820934 | AY40: ='[1]209'!B577 -> -28.822796 | AZ40: ='[1]209'!C577 -> 4.8765772 | BA40: ='[1]209'!B736 -> -17.41487 | BB40: ='[1]209'!C736 -> 6.357384 | BC40: - | BD40: - | BE40: - | BF40: - | BG40: ='[1]210'!B47 -> -25.527551 | BH40: ='[1]210'!C47 -> -9.8314637 | BI40: ='[1]210'!B100 -> 4.3802794 | BJ40: ='[1]210'!C100 -> 4.3122469 | BK40: ='[1]210'!B524 -> -9.3716385 | BL40: ='[1]210'!C524 -> 5.7895155 | BM40: ='[1]210'!B577 -> -3.6540457 | BN40: ='[1]210'!C577 -> -4.4114074 | BO40: ='[1]210'!B736 -> -1.8138903 | BP40: ='[1]210'!C736 -> 2.8129008 | BQ40: - | BR40: - | BS40: - | BT40: - | BU40: ='[1]211'!B47 -> -25.527551 | BV40: ='[1]211'!C47 -> -17.910748 | BW40: ='[1]211'!B100 -> 4.3802794 | BX40: ='[1]211'!C100 -> 4.3460426 | BY40: ='[1]211'!B524 -> -9.3716385 | BZ40: ='[1]211'!C524 -> -2.3281716 | CA40: ='[1]211'!B577 -> -3.6540457 | CB40: ='[1]211'!C577 -> -4.0432334 | CC40: ='[1]211'!B736 -> -1.8138903 | CD40: ='[1]211'!C736 -> 0.51753627 | CE40: - | CF40: - | CG40: - | CH40: - | CI40: ='[1]212'!B47 -> 4.1927619 | CJ40: ='[1]212'!C47 -> 5.1528612 | CK40: ='[1]212'!B100 -> -0.50901862 | CL40: ='[1]212'!C100 -> 2.2388641 | CM40: ='[1]212'!B524 -> -2.9382907 | CN40: ='[1]212'!C524 -> 2.8867104 | CO40: ='[1]212'!B577 -> -4.0543722 | CP40: ='[1]212'!C577 -> 2.6627277 | CQ40: ='[1]212'!B736 -> 0.34122421 | CR40: ='[1]212'!C736 -> 0.30587486 | CS40: - | CT40: - | CU40: - | CV40: - | CW40: ='[1]213'!B47 -> 16.098288 | CX40: ='[1]213'!C47 -> 12.902075 | CY40: ='[1]213'!B100 -> 1.3722897 | CZ40: ='[1]213'!C100 -> 1.8961041 | DA40: ='[1]213'!B524 -> 0.92610784 | DB40: ='[1]213'!C524 -> 1.7283704 | DC40: ='[1]213'!B577 -> -0.3624427 | DD40: ='[1]213'!C577 -> 1.1288397 | DE40: ='[1]213'!B736 -> 1.5261297 | DF40: ='[1]213'!C736 -> 1.4727554 | DG40: - | DH40: - | DI40: - | DJ40: -
A41: 97 | B41: Papua Pegunungan | C41: ='[1]201'!B48 -> 6796249.9 | D41: ='[1]201'!C48 -> 7071484 | E41: ='[1]201'!B101 -> 6001343.2 | F41: ='[1]201'!C101 -> 6092123 | G41: ='[1]201'!B525 -> 71075.17 | H41: ='[1]201'!C525 -> 72191.775 | I41: ='[1]201'!B578 -> 1775214.5 | J41: ='[1]201'!C578 -> 1868254.8 | K41: ='[1]201'!B737 -> 3187402.5 | L41: ='[1]201'!C737 -> 3209751.3 | M41: ='[1]201'!B896 -> -13356.089 | N41: ='[1]201'!C896 -> 17890.888 | O41: =C41-(E41+G41+I41+K41+M41) -> -4225429.3 | P41: =D41-(F41+H41+J41+L41+N41) -> -4188727.7 | Q41: ='[1]202'!B48 -> 3454761.4 | R41: ='[1]202'!C48 -> 3574394.5 | S41: ='[1]202'!B101 -> 2936582.2 | T41: ='[1]202'!C101 -> 2966534.2 | U41: ='[1]202'!B525 -> 37863.106 | V41: ='[1]202'!C525 -> 38399.641 | W41: ='[1]202'!B578 -> 1008106.9 | X41: ='[1]202'!C578 -> 1048670.1 | Y41: ='[1]202'!B737 -> 1686295.1 | Z41: ='[1]202'!C737 -> 1694823.3 | AA41: ='[1]202'!B896 -> -7713.9941 | AB41: ='[1]202'!C896 -> 10308.809 | AC41: =Q41-(S41+U41+W41+Y41+AA41) -> -2206372 | AD41: =R41-(T41+V41+X41+Z41+AB41) -> -2184341.7 | AE41: ='[1]205'!B48 -> 100 | AF41: ='[1]205'!C48 -> 100 | AG41: ='[1]205'!B101 -> 88.303744 | AH41: ='[1]205'!C101 -> 86.150559 | AI41: ='[1]205'!B525 -> 1.0457998 | AJ41: ='[1]205'!C525 -> 1.0208858 | AK41: ='[1]205'!B578 -> 26.1205 | AL41: ='[1]205'!C578 -> 26.419557 | AM41: ='[1]205'!B737 -> 46.899431 | AN41: ='[1]205'!C737 -> 45.390066 | AO41: ='[1]205'!B896 -> -0.19652146 | AP41: ='[1]205'!C896 -> 0.25300047 | AQ41: =AE41-(AG41+AI41+AK41+AM41+AO41) -> -62.172954 | AR41: =AF41-(AH41+AJ41+AL41+AN41+AP41) -> -59.234068 | AS41: ='[1]209'!B48 -> -2.1720718 | AT41: ='[1]209'!C48 -> 3.4628472 | AU41: ='[1]209'!B101 -> -0.81709202 | AV41: ='[1]209'!C101 -> 1.0199629 | AW41: ='[1]209'!B525 -> -4.4050244 | AX41: ='[1]209'!C525 -> 1.4170398 | AY41: ='[1]209'!B578 -> -19.204327 | AZ41: ='[1]209'!C578 -> 4.0237024 | BA41: ='[1]209'!B737 -> -11.645232 | BB41: ='[1]209'!C737 -> 0.50573639 | BC41: - | BD41: - | BE41: - | BF41: - | BG41: ='[1]210'!B48 -> 3.0205756 | BH41: ='[1]210'!C48 -> 3.1929245 | BI41: ='[1]210'!B101 -> 3.0012189 | BJ41: ='[1]210'!C101 -> 3.4657413 | BK41: ='[1]210'!B525 -> -8.3066356 | BL41: ='[1]210'!C525 -> 6.8658558 | BM41: ='[1]210'!B578 -> -0.5786651 | BN41: ='[1]210'!C578 -> 2.9093898 | BO41: ='[1]210'!B737 -> 0.1461121 | BP41: ='[1]210'!C737 -> -0.013606039 | BQ41: - | BR41: - | BS41: - | BT41: - | BU41: ='[1]211'!B48 -> 3.0205756 | BV41: ='[1]211'!C48 -> 3.1081447 | BW41: ='[1]211'!B101 -> 3.0012189 | BX41: ='[1]211'!C101 -> 3.234136 | BY41: ='[1]211'!B525 -> -8.3066356 | BZ41: ='[1]211'!C525 -> -1.2469883 | CA41: ='[1]211'!B578 -> -0.5786651 | CB41: ='[1]211'!C578 -> 1.1696931 | CC41: ='[1]211'!B737 -> 0.1461121 | CD41: ='[1]211'!C737 -> 0.065987868 | CE41: - | CF41: - | CG41: - | CH41: - | CI41: ='[1]212'!B48 -> 0.63175589 | CJ41: ='[1]212'!C48 -> 0.56730216 | CK41: ='[1]212'!B101 -> 5.5621809 | CL41: ='[1]212'!C101 -> 0.48772139 | CM41: ='[1]212'!B525 -> 3.6780287 | CN41: ='[1]212'!C525 -> 0.15182925 | CO41: ='[1]212'!B578 -> 0.34088455 | CP41: ='[1]212'!C578 -> 1.1702838 | CQ41: ='[1]212'!B737 -> 0.48163333 | CR41: ='[1]212'!C737 -> 0.19443885 | CS41: - | CT41: - | CU41: - | CV41: - | CW41: ='[1]213'!B48 -> 3.7314796 | CX41: ='[1]213'!C48 -> 3.1613923 | CY41: ='[1]213'!B101 -> 8.9564339 | CZ41: ='[1]213'!C101 -> 6.5711062 | DA41: ='[1]213'!B525 -> 6.661361 | DB41: ='[1]213'!C525 -> 4.7887087 | DC41: ='[1]213'!B578 -> 0.23944104 | DD41: ='[1]213'!C578 -> 0.68204539 | DE41: ='[1]213'!B737 -> 1.1748866 | DF41: ='[1]213'!C737 -> 1.0901848 | DG41: - | DH41: - | DI41: - | DJ41: -

Sheet KabKot
A1: Kode | B1: Provinsi | C1: ADHB | Q1: ADHK | AE1: Distribusi | AS1: Q-to-Q | BG1: Y-on-Y | BU1: C-to-C | CI1: Implisit Q-to-Q | CW1: Implisit Y-on-Y
C2: PDRB | E2: PKRT | G2: PKLNPRT | I2: PKP | K2: PMTB | M2: PI | O2: Net Ekspor | Q2: PDRB | S2: PKRT | U2: PKLNPRT | W2: PKP | Y2: PMTB | AA2: PI | AC2: Net Ekspor | AE2: PDRB | AG2: PKRT | AI2: PKLNPRT | AK2: PKP | AM2: PMTB | AO2: PI | AQ2: Net Ekspor | AS2: PDRB | AU2: PKRT | AW2: PKLNPRT | AY2: PKP | BA2: PMTB | BC2: PI | BE2: Net Ekspor | BG2: PDRB | BI2: PKRT | BK2: PKLNPRT | BM2: PKP | BO2: PMTB | BQ2: PI | BS2: Net Ekspor | BU2: PDRB | BW2: PKRT | BY2: PKLNPRT | CA2: PKP | CC2: PMTB | CE2: PI | CG2: Net Ekspor | CI2: PDRB | CK2: PKRT | CM2: PKLNPRT | CO2: PKP | CQ2: PMTB | CS2: PI | CU2: Net Ekspor | CW2: PDRB | CY2: PKRT | DA2: PKLNPRT | DC2: PKP | DE2: PMTB | DG2: PI | DI2: Net Ekspor
C3: Q1-25 | D3: Q2-25 | E3: Q1-25 | F3: Q2-25 | G3: Q1-25 | H3: Q2-25 | I3: Q1-25 | J3: Q2-25 | K3: Q1-25 | L3: Q2-25 | M3: Q1-25 | N3: Q2-25 | O3: Q1-25 | P3: Q2-25 | Q3: Q1-25 | R3: Q2-25 | S3: Q1-25 | T3: Q2-25 | U3: Q1-25 | V3: Q2-25 | W3: Q1-25 | X3: Q2-25 | Y3: Q1-25 | Z3: Q2-25 | AA3: Q1-25 | AB3: Q2-25 | AC3: Q1-25 | AD3: Q2-25 | AE3: Q1-25 | AF3: Q2-25 | AG3: Q1-25 | AH3: Q2-25 | AI3: Q1-25 | AJ3: Q2-25 | AK3: Q1-25 | AL3: Q2-25 | AM3: Q1-25 | AN3: Q2-25 | AO3: Q1-25 | AP3: Q2-25 | AQ3: Q1-25 | AR3: Q2-25 | AS3: Q1-25 | AT3: Q2-25 | AU3: Q1-25 | AV3: Q2-25 | AW3: Q1-25 | AX3: Q2-25 | AY3: Q1-25 | AZ3: Q2-25 | BA3: Q1-25 | BB3: Q2-25 | BC3: Q1-25 | BD3: Q2-25 | BE3: Q1-25 | BF3: Q2-25 | BG3: Q1-25 | BH3: Q2-25 | BI3: Q1-25 | BJ3: Q2-25 | BK3: Q1-25 | BL3: Q2-25 | BM3: Q1-25 | BN3: Q2-25 | BO3: Q1-25 | BP3: Q2-25 | BQ3: Q1-25 | BR3: Q2-25 | BS3: Q1-25 | BT3: Q2-25 | BU3: Q1-25 | BV3: Q2-25 | BW3: Q1-25 | BX3: Q2-25 | BY3: Q1-25 | BZ3: Q2-25 | CA3: Q1-25 | CB3: Q2-25 | CC3: Q1-25 | CD3: Q2-25 | CE3: Q1-25 | CF3: Q2-25 | CG3: Q1-25 | CH3: Q2-25 | CI3: Q1-25 | CJ3: Q2-25 | CK3: Q1-25 | CL3: Q2-25 | CM3: Q1-25 | CN3: Q2-25 | CO3: Q1-25 | CP3: Q2-25 | CQ3: Q1-25 | CR3: Q2-25 | CS3: Q1-25 | CT3: Q2-25 | CU3: Q1-25 | CV3: Q2-25 | CW3: Q1-25 | CX3: Q2-25 | CY3: Q1-25 | CZ3: Q2-25 | DA3: Q1-25 | DB3: Q2-25 | DC3: Q1-25 | DD3: Q2-25 | DE3: Q1-25 | DF3: Q2-25 | DG3: Q1-25 | DH3: Q2-25 | DI3: Q1-25 | DJ3: Q2-25
A4: 11 | B4: Aceh | C4: ='[2]201'!B5 -> 61190715 | D4: ='[2]201'!C5 -> 62972794 | E4: ='[2]201'!B564 -> 33468755 | F4: ='[2]201'!C564 -> 34461133 | G4: ='[2]201'!B5036 -> 1317563.5 | H4: ='[2]201'!C5036 -> 1365396.4 | I4: ='[2]201'!B5595 -> 7961063.9 | J4: ='[2]201'!C5595 -> 10497256 | K4: ='[2]201'!B6154 -> 18247722 | L4: ='[2]201'!C6154 -> 18847858 | M4: ='[2]201'!B7831 -> 537340.91 | N4: ='[2]201'!C7831 -> 129707 | O4: =C4-(E4+G4+I4+K4+M4) -> -341730.2 | P4: =D4-(F4+H4+J4+L4+N4) -> -2328556.7 | Q4: ='[2]202'!B5 -> 38037199 | R4: ='[2]202'!C5 -> 39068076 | S4: ='[2]202'!B564 -> 21187738 | T4: ='[2]202'!C564 -> 21555520 | U4: ='[2]202'!B5036 -> 829618.79 | V4: ='[2]202'!C5036 -> 841955.07 | W4: ='[2]202'!B5595 -> 4544394.5 | X4: ='[2]202'!C5595 -> 5955980.3 | Y4: ='[2]202'!B6154 -> 11569113 | Z4: ='[2]202'!C6154 -> 11904122 | AA4: ='[2]202'!B7831 -> 295388.67 | AB4: ='[2]202'!C7831 -> 67869.264 | AC4: =Q4-(S4+U4+W4+Y4+AA4) -> -389054.23 | AD4: =R4-(T4+V4+X4+Z4+AB4) -> -1257370.5 | AE4: ='[2]205'!B5 -> 100 | AF4: ='[2]205'!C5 -> 100 | AG4: ='[2]205'!B564 -> 54.695807 | AH4: ='[2]205'!C564 -> 54.723843 | AI4: ='[2]205'!B5036 -> 2.1532082 | AJ4: ='[2]205'!C5036 -> 2.1682322 | AK4: ='[2]205'!B5595 -> 13.010248 | AL4: ='[2]205'!C5595 -> 16.66951 | AM4: ='[2]205'!B6154 -> 29.821063 | AN4: ='[2]205'!C6154 -> 29.93016 | AO4: ='[2]205'!B7831 -> 0.87814125 | AP4: ='[2]205'!C7831 -> 0.20597308 | AQ4: =AE4-(AG4+AI4+AK4+AM4+AO4) -> -0.5584674 | AR4: =AF4-(AH4+AJ4+AL4+AN4+AP4) -> -3.6977185 | AS4: ='[2]209'!B5 -> -5.0432818 | AT4: ='[2]209'!C5 -> 2.7101809 | AU4: ='[2]209'!B564 -> 1.8820323 | AV4: ='[2]209'!C564 -> 1.7358218 | AW4: ='[2]209'!B5036 -> -2.1488908 | AX4: ='[2]209'!C5036 -> 1.4869821 | AY4: ='[2]209'!B5595 -> -41.873691 | AZ4: ='[2]209'!C5595 -> 31.062131 | BA4: ='[2]209'!B6154 -> -9.8489673 | BB4: ='[2]209'!C6154 -> 2.8957206 | BC4: - | BD4: - | BE4: - | BF4: - | BG4: ='[2]210'!B5 -> 3.887721 | BH4: ='[2]210'!C5 -> 4.4702841 | BI4: ='[2]210'!B564 -> 3.9784916 | BJ4: ='[2]210'!C564 -> 3.5047951 | BK4: ='[2]210'!B5036 -> -2.740152 | BL4: ='[2]210'!C5036 -> 13.170118 | BM4: ='[2]210'!B5595 -> 11.478363 | BN4: ='[2]210'!C5595 -> -8.4615568 | BO4: ='[2]210'!B6154 -> -0.75708785 | BP4: ='[2]210'!C6154 -> -3.256773 | BQ4: - | BR4: - | BS4: - | BT4: - | BU4: ='[2]211'!B5 -> 3.887721 | BV4: ='[2]211'!C5 -> 4.1820826 | BW4: ='[2]211'!B564 -> 3.9784916 | BX4: ='[2]211'!C564 -> 3.7390647 | BY4: ='[2]211'!B5036 -> -2.740152 | BZ4: ='[2]211'!C5036 -> 4.6719144 | CA4: ='[2]211'!B5595 -> 11.478363 | CB4: ='[2]211'!C5595 -> -0.78088135 | CC4: ='[2]211'!B6154 -> -0.75708785 | CD4: ='[2]211'!C6154 -> -2.040703 | CE4: - | CF4: - | CG4: - | CH4: - | CI4: ='[2]212'!B5 -> 0.73330589 | CJ4: ='[2]212'!C5 -> 0.19681981 | CK4: ='[2]212'!B564 -> 1.2799812 | CL4: ='[2]212'!C564 -> 1.2082905 | CM4: ='[2]212'!B5036 -> 0.54319838 | CN4: ='[2]212'!C5036 -> 2.1120183 | CO4: ='[2]212'!B5595 -> 0.12758647 | CP4: ='[2]212'!C5595 -> 0.60682902 | CQ4: ='[2]212'!B6154 -> 0.43584126 | CR4: ='[2]212'!C6154 -> 0.38204559 | CS4: - | CT4: - | CU4: - | CV4: - | CW4: ='[2]213'!B5 -> 3.0990245 | CX4: ='[2]213'!C5 -> 2.8960811 | CY4: ='[2]213'!B564 -> 1.6760093 | CZ4: ='[2]213'!C564 -> 2.7427902 | DA4: ='[2]213'!B5036 -> 1.8471327 | DB4: ='[2]213'!C5036 -> 2.6240597 | DC4: ='[2]213'!B5595 -> 0.4413461 | DD4: ='[2]213'!C5595 -> 0.37507125 | DE4: ='[2]213'!B6154 -> 2.6465232 | DF4: ='[2]213'!C6154 -> 2.0069029 | DG4: - | DH4: - | DI4: - | DJ4: -
A5: 12 | B5: Sumatera Utara | C5: ='[2]201'!B29 -> 2.9656401e+08 | D5: ='[2]201'!C29 -> 3.0624713e+08 | E5: ='[2]201'!B588 -> 1.5107766e+08 | F5: ='[2]201'!C588 -> 1.5504667e+08 | G5: ='[2]201'!B5060 -> 2716075.2 | H5: ='[2]201'!C5060 -> 2778132.7 | I5: ='[2]201'!B5619 -> 15315141 | J5: ='[2]201'!C5619 -> 16551038 | K5: ='[2]201'!B6178 -> 84017718 | L5: ='[2]201'!C6178 -> 84697063 | M5: ='[2]201'!B7855 -> -1681449.9 | N5: ='[2]201'!C7855 -> 2068665.1 | O5: =C5-(E5+G5+I5+K5+M5) -> 45118865 | P5: =D5-(F5+H5+J5+L5+N5) -> 45105560 | Q5: ='[2]202'!B29 -> 1.6183936e+08 | R5: ='[2]202'!C29 -> 1.6629426e+08 | S5: ='[2]202'!B588 -> 81847439 | T5: ='[2]202'!C588 -> 83425964 | U5: ='[2]202'!B5060 -> 1735608.5 | V5: ='[2]202'!C5060 -> 1759529.6 | W5: ='[2]202'!B5619 -> 8657276.4 | X5: ='[2]202'!C5619 -> 9305959.7 | Y5: ='[2]202'!B6178 -> 47378283 | Z5: ='[2]202'!C6178 -> 47629307 | AA5: ='[2]202'!B7855 -> -937541.11 | AB5: ='[2]202'!C7855 -> 1120640 | AC5: =Q5-(S5+U5+W5+Y5+AA5) -> 23158291 | AD5: =R5-(T5+V5+X5+Z5+AB5) -> 23052862 | AE5: ='[2]205'!B29 -> 100 | AF5: ='[2]205'!C29 -> 100 | AG5: ='[2]205'!B588 -> 50.942683 | AH5: ='[2]205'!C588 -> 50.627958 | AI5: ='[2]205'!B5060 -> 0.91584789 | AJ5: ='[2]205'!C5060 -> 0.90715389 | AK5: ='[2]205'!B5619 -> 5.1641941 | AL5: ='[2]205'!C5619 -> 5.4044712 | AM5: ='[2]205'!B6178 -> 28.330382 | AN5: ='[2]205'!C6178 -> 27.656443 | AO5: ='[2]205'!B7855 -> -0.56697707 | AP5: ='[2]205'!C7855 -> 0.67548881 | AQ5: =AE5-(AG5+AI5+AK5+AM5+AO5) -> 15.21387 | AR5: =AF5-(AH5+AJ5+AL5+AN5+AP5) -> 14.728484 | AS5: ='[2]209'!B29 -> -1.3426191 | AT5: ='[2]209'!C29 -> 2.7526715 | AU5: ='[2]209'!B588 -> 0.51546703 | AV5: ='[2]209'!C588 -> 1.9286181 | AW5: ='[2]209'!B5060 -> -5.3483234 | AX5: ='[2]209'!C5060 -> 1.3782563 | AY5: ='[2]209'!B5619 -> -16.013272 | AZ5: ='[2]209'!C5619 -> 7.4929261 | BA5: ='[2]209'!B6178 -> -6.53961 | BB5: ='[2]209'!C6178 -> 0.52982941 | BC5: - | BD5: - | BE5: - | BF5: - | BG5: ='[2]210'!B29 -> 4.6342625 | BH5: ='[2]210'!C29 -> 4.4700234 | BI5: ='[2]210'!B588 -> 5.0499452 | BJ5: ='[2]210'!C588 -> 4.2964702 | BK5: ='[2]210'!B5060 -> -0.88493417 | BL5: ='[2]210'!C5060 -> 5.1360586 | BM5: ='[2]210'!B5619 -> 2.0222588 | BN5: ='[2]210'!C5619 -> -4.5292722 | BO5: ='[2]210'!B6178 -> 2.2940121 | BP5: ='[2]210'!C6178 -> 1.1784268 | BQ5: - | BR5: - | BS5: - | BT5: - | BU5: ='[2]211'!B29 -> 4.6342625 | BV5: ='[2]211'!C29 -> 4.5509636 | BW5: ='[2]211'!B588 -> 5.0499452 | BX5: ='[2]211'!C588 -> 4.6682537 | BY5: ='[2]211'!B5060 -> -0.88493417 | BZ5: ='[2]211'!C5060 -> 2.0574081 | CA5: ='[2]211'!B5619 -> 2.0222588 | CB5: ='[2]211'!C5619 -> -1.4801972 | CC5: ='[2]211'!B6178 -> 2.2940121 | CD5: ='[2]211'!C6178 -> 1.7316875 | CE5: - | CF5: - | CG5: - | CH5: - | CI5: ='[2]212'!B29 -> 1.2359161 | CJ5: ='[2]212'!C29 -> 0.49870159 | CK5: ='[2]212'!B588 -> 1.1901866 | CL5: ='[2]212'!C588 -> 0.6852932 | CM5: ='[2]212'!B5060 -> 0.46861856 | CN5: ='[2]212'!C5060 -> 0.89423976 | CO5: ='[2]212'!B5619 -> 0.93960396 | CP5: ='[2]212'!C5619 -> 0.53663417 | CQ5: ='[2]212'!B6178 -> 1.230333 | CR5: ='[2]212'!C6178 -> 0.27727503 | CS5: - | CT5: - | CU5: - | CV5: - | CW5: ='[2]213'!B29 -> 3.8232803 | CX5: ='[2]213'!C29 -> 2.8966857 | CY5: ='[2]213'!B588 -> 2.6488078 | CZ5: ='[2]213'!C588 -> 2.366351 | DA5: ='[2]213'!B5060 -> 1.5438266 | DB5: ='[2]213'!C5060 -> 2.1724956 | DC5: ='[2]213'!B5619 -> 2.0020536 | DD5: ='[2]213'!C5619 -> 1.8218518 | DE5: ='[2]213'!B6178 -> 1.7496563 | DF5: ='[2]213'!C6178 -> 1.868477 | DG5: - | DH5: - | DI5: - | DJ5: -
A6: 13 | B6: Sumatera Barat | C6: ='[2]201'!B63 -> 85703793 | D6: ='[2]201'!C63 -> 87486188 | E6: ='[2]201'!B622 -> 45177765 | F6: ='[2]201'!C622 -> 45538531 | G6: ='[2]201'!B5094 -> 938605.12 | H6: ='[2]201'!C5094 -> 957682.6 | I6: ='[2]201'!B5653 -> 6375064.7 | J6: ='[2]201'!C5653 -> 7829389.6 | K6: ='[2]201'!B6212 -> 23539672 | L6: ='[2]201'!C6212 -> 24664204 | M6: ='[2]201'!B7889 -> 882621.72 | N6: ='[2]201'!C7889 -> -47690.24 | O6: =C6-(E6+G6+I6+K6+M6) -> 8790065.2 | P6: =D6-(F6+H6+J6+L6+N6) -> 8544070.9 | Q6: ='[2]202'!B63 -> 51053858 | R6: ='[2]202'!C63 -> 51737898 | S6: ='[2]202'!B622 -> 24930026 | T6: ='[2]202'!C622 -> 24915511 | U6: ='[2]202'!B5094 -> 586577.91 | V6: ='[2]202'!C5094 -> 588295.62 | W6: ='[2]202'!B5653 -> 3596735.8 | X6: ='[2]202'!C5653 -> 4366269.1 | Y6: ='[2]202'!B6212 -> 13233583 | Z6: ='[2]202'!C6212 -> 13842617 | AA6: ='[2]202'!B7889 -> 533851.3 | AB6: ='[2]202'!C7889 -> -28738.152 | AC6: =Q6-(S6+U6+W6+Y6+AA6) -> 8173084.4 | AD6: =R6-(T6+V6+X6+Z6+AB6) -> 8053944.2 | AE6: ='[2]205'!B63 -> 100 | AF6: ='[2]205'!C63 -> 100 | AG6: ='[2]205'!B622 -> 52.713845 | AH6: ='[2]205'!C622 -> 52.052252 | AI6: ='[2]205'!B5094 -> 1.0951734 | AJ6: ='[2]205'!C5094 -> 1.0946672 | AK6: ='[2]205'!B5653 -> 7.438486 | AL6: ='[2]205'!C5653 -> 8.9492865 | AM6: ='[2]205'!B6212 -> 27.466313 | AN6: ='[2]205'!C6212 -> 28.192112 | AO6: ='[2]205'!B7889 -> 1.0298514 | AP6: ='[2]205'!C7889 -> -0.054511736 | AQ6: =AE6-(AG6+AI6+AK6+AM6+AO6) -> 10.256332 | AR6: =AF6-(AH6+AJ6+AL6+AN6+AP6) -> 9.766194 | AS6: ='[2]209'!B63 -> -0.5016384 | AT6: ='[2]209'!C63 -> 1.3398409 | AU6: ='[2]209'!B622 -> 4.0534017 | AV6: ='[2]209'!C622 -> -0.058222041 | AW6: ='[2]209'!B5094 -> 5.8782014 | AX6: ='[2]209'!C5094 -> 0.29283495 | AY6: ='[2]209'!B5653 -> -33.508208 | AZ6: ='[2]209'!C5653 -> 21.395324 | BA6: ='[2]209'!B6212 -> -15.458392 | BB6: ='[2]209'!C6212 -> 4.6021839 | BC6: - | BD6: - | BE6: - | BF6: - | BG6: ='[2]210'!B63 -> 4.3463192 | BH6: ='[2]210'!C63 -> 3.4311759 | BI6: ='[2]210'!B622 -> 4.1659718 | BJ6: ='[2]210'!C622 -> 0.88734411 | BK6: ='[2]210'!B5094 -> -1.6363669 | BL6: ='[2]210'!C5094 -> 6.4812037 | BM6: ='[2]210'!B5653 -> 4.8187386 | BN6: ='[2]210'!C5653 -> -2.9858421 | BO6: ='[2]210'!B6212 -> -0.38406894 | BP6: ='[2]210'!C6212 -> -0.21240144 | BQ6: - | BR6: - | BS6: - | BT6: - | BU6: ='[2]211'!B63 -> 4.3463192 | BV6: ='[2]211'!C63 -> 3.8836874 | BW6: ='[2]211'!B622 -> 4.1659718 | BX6: ='[2]211'!C622 -> 2.500924 | BY6: ='[2]211'!B5094 -> -1.6363669 | BZ6: ='[2]211'!C5094 -> 2.2675023 | CA6: ='[2]211'!B5653 -> 4.8187386 | CB6: ='[2]211'!C5653 -> 0.3904065 | CC6: ='[2]211'!B6212 -> -0.38406894 | CD6: ='[2]211'!C6212 -> -0.29637836 | CE6: - | CF6: - | CG6: - | CH6: - | CI6: ='[2]212'!B63 -> 0.96991718 | CJ6: ='[2]212'!C63 -> 0.73009236 | CK6: ='[2]212'!B622 -> 2.0281116 | CL6: ='[2]212'!C622 -> 0.85726941 | CM6: ='[2]212'!B5094 -> 0.67405783 | CN6: ='[2]212'!C5094 -> 1.7346201 | CO6: ='[2]212'!B5653 -> 0.55011691 | CP6: ='[2]212'!C5653 -> 1.1675777 | CQ6: ='[2]212'!B6212 -> 4.0695946 | CR6: ='[2]212'!C6212 -> 0.16729688 | CS6: - | CT6: - | CU6: - | CV6: - | CW6: ='[2]213'!B63 -> 2.1598429 | CX6: ='[2]213'!C63 -> 1.8196803 | CY6: ='[2]213'!B622 -> 1.5125992 | CZ6: ='[2]213'!C622 -> 1.0309918 | DA6: ='[2]213'!B5094 -> 0.33245171 | DB6: ='[2]213'!C5094 -> 1.3382373 | DC6: ='[2]213'!B5653 -> 0.99605369 | DD6: ='[2]213'!C5653 -> 2.0682883 | DE6: ='[2]213'!B6212 -> 4.4129569 | DF6: ='[2]213'!C6212 -> 4.4686692 | DG6: - | DH6: - | DI6: - | DJ6: -
A7: 14 | B7: Riau | C7: ='[2]201'!B83 -> 2.9096115e+08 | D7: ='[2]201'!C83 -> 2.9106933e+08 | E7: ='[2]201'!B642 -> 1.0003089e+08 | F7: ='[2]201'!C642 -> 1.0524991e+08 | G7: ='[2]201'!B5114 -> 1724233.7 | H7: ='[2]201'!C5114 -> 1571096.7 | I7: ='[2]201'!B5673 -> 8096598.1 | J7: ='[2]201'!C5673 -> 8757430.9 | K7: ='[2]201'!B6232 -> 89524531 | L7: ='[2]201'!C6232 -> 92322838 | M7: ='[2]201'!B7909 -> -1328312.4 | N7: ='[2]201'!C7909 -> 2658982.5 | O7: =C7-(E7+G7+I7+K7+M7) -> 92913208 | P7: =D7-(F7+H7+J7+L7+N7) -> 80509071 | Q7: ='[2]202'!B83 -> 1.4438395e+08 | R7: ='[2]202'!C83 -> 1.4684742e+08 | S7: ='[2]202'!B642 -> 50561228 | T7: ='[2]202'!C642 -> 53048870 | U7: ='[2]202'!B5114 -> 896594.48 | V7: ='[2]202'!C5114 -> 805173.91 | W7: ='[2]202'!B5673 -> 4389157.4 | X7: ='[2]202'!C5673 -> 4692768 | Y7: ='[2]202'!B6232 -> 44723566 | Z7: ='[2]202'!C6232 -> 45754549 | AA7: ='[2]202'!B7909 -> -661658.24 | AB7: ='[2]202'!C7909 -> 1317336.5 | AC7: =Q7-(S7+U7+W7+Y7+AA7) -> 44475063 | AD7: =R7-(T7+V7+X7+Z7+AB7) -> 41228721 | AE7: ='[2]205'!B83 -> 100 | AF7: ='[2]205'!C83 -> 100 | AG7: ='[2]205'!B642 -> 34.379467 | AH7: ='[2]205'!C642 -> 36.159739 | AI7: ='[2]205'!B5114 -> 0.5925993 | AJ7: ='[2]205'!C5114 -> 0.53976717 | AK7: ='[2]205'!B5673 -> 2.7827076 | AL7: ='[2]205'!C5673 -> 3.0087096 | AM7: ='[2]205'!B6232 -> 30.768551 | AN7: ='[2]205'!C6232 -> 31.718504 | AO7: ='[2]205'!B7909 -> -0.4565257 | AP7: ='[2]205'!C7909 -> 0.91352207 | AQ7: =AE7-(AG7+AI7+AK7+AM7+AO7) -> 31.9332 | AR7: =AF7-(AH7+AJ7+AL7+AN7+AP7) -> 27.659758 | AS7: ='[2]209'!B83 -> -0.46562648 | AT7: ='[2]209'!C83 -> 1.7061919 | AU7: ='[2]209'!B642 -> -2.3662567 | AV7: ='[2]209'!C642 -> 4.9200588 | AW7: ='[2]209'!B5114 -> 3.30281 | AX7: ='[2]209'!C5114 -> -10.196424 | AY7: ='[2]209'!B5673 -> -21.318398 | AZ7: ='[2]209'!C5673 -> 6.9172869 | BA7: ='[2]209'!B6232 -> 0.64430132 | BB7: ='[2]209'!C6232 -> 2.3052334 | BC7: - | BD7: - | BE7: - | BF7: - | BG7: ='[2]210'!B83 -> 4.4170605 | BH7: ='[2]210'!C83 -> 4.3476401 | BI7: ='[2]210'!B642 -> 4.6576797 | BJ7: ='[2]210'!C642 -> 4.5347217 | BK7: ='[2]210'!B5114 -> -0.69459644 | BL7: ='[2]210'!C5114 -> -0.30984107 | BM7: ='[2]210'!B5673 -> 3.5076117 | BN7: ='[2]210'!C5673 -> -6.3217557 | BO7: ='[2]210'!B6232 -> 1.2280162 | BP7: ='[2]210'!C6232 -> 2.5449832 | BQ7: - | BR7: - | BS7: - | BT7: - | BU7: ='[2]211'!B83 -> 4.4170605 | BV7: ='[2]211'!C83 -> 4.3820452 | BW7: ='[2]211'!B642 -> 4.6576797 | BX7: ='[2]211'!C642 -> 4.5946885 | BY7: ='[2]211'!B5114 -> -0.69459644 | BZ7: ='[2]211'!C5114 -> -0.51292431 | CA7: ='[2]211'!B5673 -> 3.5076117 | CB7: ='[2]211'!C5673 -> -1.8156783 | CC7: ='[2]211'!B6232 -> 1.2280162 | CD7: ='[2]211'!C6232 -> 1.8897475 | CE7: - | CF7: - | CG7: - | CH7: - | CI7: ='[2]212'!B83 -> 1.4979688 | CJ7: ='[2]212'!C83 -> -1.6410139 | CK7: ='[2]212'!B642 -> 1.5666535 | CL7: ='[2]212'!C642 -> 0.28340161 | CM7: ='[2]212'!B5114 -> 0.55340206 | CN7: ='[2]212'!C5114 -> 1.4642697 | CO7: ='[2]212'!B5673 -> -0.34437767 | CP7: ='[2]212'!C5673 -> 1.1640502 | CQ7: ='[2]212'!B6232 -> -0.49951303 | CR7: ='[2]212'!C6232 -> 0.80202125 | CS7: - | CT7: - | CU7: - | CV7: - | CW7: ='[2]213'!B83 -> 5.5965289 | CX7: ='[2]213'!C83 -> 1.8072841 | CY7: ='[2]213'!B642 -> 1.1046044 | CZ7: ='[2]213'!C642 -> 0.52614511 | DA7: ='[2]213'!B5114 -> 0.56319334 | DB7: ='[2]213'!C5114 -> 1.174051 | DC7: ='[2]213'!B5673 -> 0.89566483 | DD7: ='[2]213'!C5673 -> 1.0500363 | DE7: ='[2]213'!B6232 -> 0.70089091 | DF7: ='[2]213'!C6232 -> 1.9761566 | DG7: - | DH7: - | DI7: - | DJ7: -
A8: 15 | B8: Jambi | C8: ='[2]201'!B96 -> 81660705 | D8: ='[2]201'!C96 -> 85368254 | E8: ='[2]201'!B655 -> 34020051 | F8: ='[2]201'!C655 -> 36173237 | G8: ='[2]201'!B5127 -> 495344.98 | H8: ='[2]201'!C5127 -> 535704.6 | I8: ='[2]201'!B5686 -> 3622189.3 | J8: ='[2]201'!C5686 -> 4937072.7 | K8: ='[2]201'!B6245 -> 16404348 | L8: ='[2]201'!C6245 -> 17401024 | M8: ='[2]201'!B7922 -> -218693.08 | N8: ='[2]201'!C7922 -> 335765.85 | O8: =C8-(E8+G8+I8+K8+M8) -> 27337465 | P8: =D8-(F8+H8+J8+L8+N8) -> 25985449 | Q8: ='[2]202'!B96 -> 44052155 | R8: ='[2]202'!C96 -> 45892436 | S8: ='[2]202'!B655 -> 19586597 | T8: ='[2]202'!C655 -> 20374279 | U8: ='[2]202'!B5127 -> 283825.64 | V8: ='[2]202'!C5127 -> 301834.27 | W8: ='[2]202'!B5686 -> 2055509 | X8: ='[2]202'!C5686 -> 2763316 | Y8: ='[2]202'!B6245 -> 9857405.9 | Z8: ='[2]202'!C6245 -> 10409435 | AA8: ='[2]202'!B7922 -> -65373.475 | AB8: ='[2]202'!C7922 -> 167382.38 | AC8: =Q8-(S8+U8+W8+Y8+AA8) -> 12334191 | AD8: =R8-(T8+V8+X8+Z8+AB8) -> 11876189 | AE8: ='[2]205'!B96 -> 100 | AF8: ='[2]205'!C96 -> 100 | AG8: ='[2]205'!B655 -> 41.660246 | AH8: ='[2]205'!C655 -> 42.373172 | AI8: ='[2]205'!B5127 -> 0.60658915 | AJ8: ='[2]205'!C5127 -> 0.62752204 | AK8: ='[2]205'!B5686 -> 4.4356577 | AL8: ='[2]205'!C5686 -> 5.7832654 | AM8: ='[2]205'!B6245 -> 20.088424 | AN8: ='[2]205'!C6245 -> 20.383484 | AO8: ='[2]205'!B7922 -> -0.26780699 | AP8: ='[2]205'!C7922 -> 0.39331465 | AQ8: =AE8-(AG8+AI8+AK8+AM8+AO8) -> 33.476891 | AR8: =AF8-(AH8+AJ8+AL8+AN8+AP8) -> 30.439242 | AS8: ='[2]209'!B96 -> -2.7884167 | AT8: ='[2]209'!C96 -> 4.1775043 | AU8: ='[2]209'!B655 -> 0.47954772 | AV8: ='[2]209'!C655 -> 4.021533 | AW8: ='[2]209'!B5127 -> -5.9655202 | AX8: ='[2]209'!C5127 -> 6.3449614 | AY8: ='[2]209'!B5686 -> -45.212167 | AZ8: ='[2]209'!C5686 -> 34.434631 | BA8: ='[2]209'!B6245 -> -14.494735 | BB8: ='[2]209'!C6245 -> 5.6001466 | BC8: - | BD8: - | BE8: - | BF8: - | BG8: ='[2]210'!B96 -> 3.8476239 | BH8: ='[2]210'!C96 -> 3.9990914 | BI8: ='[2]210'!B655 -> 5.1113241 | BJ8: ='[2]210'!C655 -> 4.1994129 | BK8: ='[2]210'!B5127 -> -4.8248855 | BL8: ='[2]210'!C5127 -> 10.086791 | BM8: ='[2]210'!B5686 -> 3.2558377 | BN8: ='[2]210'!C5686 -> -21.553086 | BO8: ='[2]210'!B6245 -> 2.4117291 | BP8: ='[2]210'!C6245 -> 1.9509749 | BQ8: - | BR8: - | BS8: - | BT8: - | BU8: ='[2]211'!B96 -> 3.8476239 | BV8: ='[2]211'!C96 -> 3.924852 | BW8: ='[2]211'!B655 -> 5.1113241 | BX8: ='[2]211'!C655 -> 4.6443955 | BY8: ='[2]211'!B5127 -> -4.8248855 | BZ8: ='[2]211'!C5127 -> 2.3178705 | CA8: ='[2]211'!B5686 -> 3.2558377 | CB8: ='[2]211'!C5686 -> -12.595171 | CC8: ='[2]211'!B6245 -> 2.4117291 | CD8: ='[2]211'!C6245 -> 2.174558 | CE8: - | CF8: - | CG8: - | CH8: - | CI8: ='[2]212'!B96 -> 1.4012517 | CJ8: ='[2]212'!C96 -> 0.34813914 | CK8: ='[2]212'!B655 -> 0.10257868 | CL8: ='[2]212'!C655 -> 2.2184215 | CM8: ='[2]212'!B5127 -> 0.27658536 | CN8: ='[2]212'!C5127 -> 1.6952568 | CO8: ='[2]212'!B5686 -> 1.0523088 | CP8: ='[2]212'!C5686 -> 1.3881539 | CQ8: ='[2]212'!B6245 -> 0.23157866 | CR8: ='[2]212'!C6245 -> 0.45031669 | CS8: - | CT8: - | CU8: - | CV8: - | CW8: ='[2]213'!B96 -> 5.922428 | CX8: ='[2]213'!C96 -> 3.0256235 | CY8: ='[2]213'!B655 -> -0.010723973 | CZ8: ='[2]213'!C655 -> 1.5891828 | DA8: ='[2]213'!B5127 -> 0.70016156 | DB8: ='[2]213'!C5127 -> 1.7332369 | DC8: ='[2]213'!B5686 -> 1.6102466 | DD8: ='[2]213'!C5686 -> 1.3094634 | DE8: ='[2]213'!B6245 -> 1.663473 | DF8: ='[2]213'!C6245 -> 1.4004213 | DG8: - | DH8: - | DI8: - | DJ8: -
A9: 16 | B9: Sumatera Selatan | C9: ='[2]201'!B108 -> 1.7395032e+08 | D9: ='[2]201'!C108 -> 1.8356551e+08 | E9: ='[2]201'!B667 -> 1.0931794e+08 | F9: ='[2]201'!C667 -> 1.1306373e+08 | G9: ='[2]201'!B5139 -> 2828020.6 | H9: ='[2]201'!C5139 -> 3022406.1 | I9: ='[2]201'!B5698 -> 8428104.9 | J9: ='[2]201'!C5698 -> 10061023 | K9: ='[2]201'!B6257 -> 52939038 | L9: ='[2]201'!C6257 -> 54835327 | M9: ='[2]201'!B7934 -> -5606.8691 | N9: ='[2]201'!C7934 -> 3218.2946 | O9: =C9-(E9+G9+I9+K9+M9) -> 442823.15 | P9: =D9-(F9+H9+J9+L9+N9) -> 2579799.8 | Q9: ='[2]202'!B108 -> 97578406 | R9: ='[2]202'!C108 -> 1.0191479e+08 | S9: ='[2]202'!B667 -> 57973084 | T9: ='[2]202'!C667 -> 59784809 | U9: ='[2]202'!B5139 -> 1640297.2 | V9: ='[2]202'!C5139 -> 1723768.1 | W9: ='[2]202'!B5698 -> 4830454.4 | X9: ='[2]202'!C5698 -> 5751652.6 | Y9: ='[2]202'!B6257 -> 29024515 | Z9: ='[2]202'!C6257 -> 30025505 | AA9: ='[2]202'!B7934 -> -2720.8764 | AB9: ='[2]202'!C7934 -> 1561.1965 | AC9: =Q9-(S9+U9+W9+Y9+AA9) -> 4112776.8 | AD9: =R9-(T9+V9+X9+Z9+AB9) -> 4627497.2 | AE9: ='[2]205'!B108 -> 100 | AF9: ='[2]205'!C108 -> 100 | AG9: ='[2]205'!B667 -> 62.844345 | AH9: ='[2]205'!C667 -> 61.593125 | AI9: ='[2]205'!B5139 -> 1.6257634 | AJ9: ='[2]205'!C5139 -> 1.6465 | AK9: ='[2]205'!B5698 -> 4.8451219 | AL9: ='[2]205'!C5698 -> 5.4808899 | AM9: ='[2]205'!B6257 -> 30.433424 | AN9: ='[2]205'!C6257 -> 29.872348 | AO9: ='[2]205'!B7934 -> -0.0032232589 | AP9: ='[2]205'!C7934 -> 0.0017532132 | AQ9: =AE9-(AG9+AI9+AK9+AM9+AO9) -> 0.25456875 | AR9: =AF9-(AH9+AJ9+AL9+AN9+AP9) -> 1.4053838 | AS9: ='[2]209'!B108 -> 0.20521683 | AT9: ='[2]209'!C108 -> 4.444003 | AU9: ='[2]209'!B667 -> 1.4405146 | AV9: ='[2]209'!C667 -> 3.1251138 | AW9: ='[2]209'!B5139 -> 3.7375724 | AX9: ='[2]209'!C5139 -> 5.0887657 | AY9: ='[2]209'!B5698 -> -37.315399 | AZ9: ='[2]209'!C5698 -> 19.070634 | BA9: ='[2]209'!B6257 -> -4.3485577 | BB9: ='[2]209'!C6257 -> 3.4487772 | BC9: - | BD9: - | BE9: - | BF9: - | BG9: ='[2]210'!B108 -> 5.2886205 | BH9: ='[2]210'!C108 -> 5.42959 | BI9: ='[2]210'!B667 -> 3.8852578 | BJ9: ='[2]210'!C667 -> 4.5633511 | BK9: ='[2]210'!B5139 -> 2.4021784 | BL9: ='[2]210'!C5139 -> 4.7477209 | BM9: ='[2]210'!B5698 -> 3.4282132 | BN9: ='[2]210'!C5698 -> -4.3742986 | BO9: ='[2]210'!B6257 -> 0.26923197 | BP9: ='[2]210'!C6257 -> 2.714728 | BQ9: - | BR9: - | BS9: - | BT9: - | BU9: ='[2]211'!B108 -> 5.2886205 | BV9: ='[2]211'!C108 -> 5.3605902 | BW9: ='[2]211'!B667 -> 3.8852578 | BX9: ='[2]211'!C667 -> 4.228418 | BY9: ='[2]211'!B5139 -> 2.4021784 | BZ9: ='[2]211'!C5139 -> 3.5907743 | CA9: ='[2]211'!B5698 -> 3.4282132 | CB9: ='[2]211'!C5698 -> -0.96390294 | CC9: ='[2]211'!B6257 -> 0.26923197 | CD9: ='[2]211'!C6257 -> 1.4979774 | CE9: - | CF9: - | CG9: - | CH9: - | CI9: ='[2]212'!B108 -> 0.87498345 | CJ9: ='[2]212'!C108 -> 1.0374409 | CK9: ='[2]212'!B667 -> 1.4610198 | CL9: ='[2]212'!C667 -> 0.29226446 | CM9: ='[2]212'!B5139 -> 0.56759035 | CN9: ='[2]212'!C5139 -> 1.6983621 | CO9: ='[2]212'!B5698 -> -1.6906429 | CP9: ='[2]212'!C5698 -> 0.25534863 | CQ9: ='[2]212'!B6257 -> 0.41664544 | CR9: ='[2]212'!C6257 -> 0.12880502 | CS9: - | CT9: - | CU9: - | CV9: - | CW9: ='[2]213'!B108 -> 3.1921298 | CX9: ='[2]213'!C108 -> 3.2134327 | CY9: ='[2]213'!B667 -> 3.3613139 | CZ9: ='[2]213'!C667 -> 2.0196723 | DA9: ='[2]213'!B5139 -> 2.2799884 | DB9: ='[2]213'!C5139 -> 2.2407163 | DC9: ='[2]213'!B5698 -> 6.0208845 | DD9: ='[2]213'!C5698 -> 1.4372442 | DE9: ='[2]213'!B6257 -> 4.4579837 | DF9: ='[2]213'!C6257 -> 3.9286698 | DG9: - | DH9: - | DI9: - | DJ9: -
A10: 17 | B10: Bengkulu | C10: ='[2]201'!B126 -> 26412138 | D10: ='[2]201'!C126 -> 28295012 | E10: ='[2]201'!B685 -> 15876113 | F10: ='[2]201'!C685 -> 17264623 | G10: ='[2]201'!B5157 -> 657145.64 | H10: ='[2]201'!C5157 -> 706969.07 | I10: ='[2]201'!B5716 -> 4232182.4 | J10: ='[2]201'!C5716 -> 4687097.1 | K10: ='[2]201'!B6275 -> 9320843 | L10: ='[2]201'!C6275 -> 10229018 | M10: ='[2]201'!B7952 -> -11122.324 | N10: ='[2]201'!C7952 -> 443483.66 | O10: =C10-(E10+G10+I10+K10+M10) -> -3663023.3 | P10: =D10-(F10+H10+J10+L10+N10) -> -5036179.6 | Q10: ='[2]202'!B126 -> 13704164 | R10: ='[2]202'!C126 -> 14647501 | S10: ='[2]202'!B685 -> 8871607.4 | T10: ='[2]202'!C685 -> 9525455.3 | U10: ='[2]202'!B5157 -> 406712.44 | V10: ='[2]202'!C5157 -> 427289.74 | W10: ='[2]202'!B5716 -> 2346695.1 | X10: ='[2]202'!C5716 -> 2633781.2 | Y10: ='[2]202'!B6275 -> 5513347.5 | Z10: ='[2]202'!C6275 -> 5749797.3 | AA10: ='[2]202'!B7952 -> -9179.6521 | AB10: ='[2]202'!C7952 -> 351389.06 | AC10: =Q10-(S10+U10+W10+Y10+AA10) -> -3425018.5 | AD10: =R10-(T10+V10+X10+Z10+AB10) -> -4040211.8 | AE10: ='[2]205'!B126 -> 100 | AF10: ='[2]205'!C126 -> 100 | AG10: ='[2]205'!B685 -> 60.109154 | AH10: ='[2]205'!C685 -> 61.016491 | AI10: ='[2]205'!B5157 -> 2.4880441 | AJ10: ='[2]205'!C5157 -> 2.4985643 | AK10: ='[2]205'!B5716 -> 16.023626 | AL10: ='[2]205'!C5716 -> 16.5651 | AM10: ='[2]205'!B6275 -> 35.289998 | AN10: ='[2]205'!C6275 -> 36.151313 | AO10: ='[2]205'!B7952 -> -0.042110655 | AP10: ='[2]205'!C7952 -> 1.5673563 | AQ10: =AE10-(AG10+AI10+AK10+AM10+AO10) -> -13.868712 | AR10: =AF10-(AH10+AJ10+AL10+AN10+AP10) -> -17.798825 | AS10: ='[2]209'!B126 -> -2.3713348 | AT10: ='[2]209'!C126 -> 6.883575 | AU10: ='[2]209'!B685 -> -0.35439743 | AV10: ='[2]209'!C685 -> 7.3701176 | AW10: ='[2]209'!B5157 -> 1.6016299 | AX10: ='[2]209'!C5157 -> 5.0594226 | AY10: ='[2]209'!B5716 -> -25.323776 | AZ10: ='[2]209'!C5716 -> 12.233633 | BA10: ='[2]209'!B6275 -> -9.2289306 | BB10: ='[2]209'!C6275 -> 4.2886789 | BC10: - | BD10: - | BE10: - | BF10: - | BG10: ='[2]210'!B126 -> 4.844933 | BH10: ='[2]210'!C126 -> 4.9401495 | BI10: ='[2]210'!B685 -> 5.5174017 | BJ10: ='[2]210'!C685 -> 5.8144724 | BK10: ='[2]210'!B5157 -> 3.2710476 | BL10: ='[2]210'!C5157 -> 12.391793 | BM10: ='[2]210'!B5716 -> -0.56790536 | BN10: ='[2]210'!C5716 -> -0.06638079 | BO10: ='[2]210'!B6275 -> 1.6809406 | BP10: ='[2]210'!C6275 -> 4.3253262 | BQ10: - | BR10: - | BS10: - | BT10: - | BU10: ='[2]211'!B126 -> 4.844933 | BV10: ='[2]211'!C126 -> 4.8941037 | BW10: ='[2]211'!B685 -> 5.5174017 | BX10: ='[2]211'!C685 -> 5.6710076 | BY10: ='[2]211'!B5157 -> 3.2710476 | BZ10: ='[2]211'!C5157 -> 7.7509886 | CA10: ='[2]211'!B5716 -> -0.56790536 | CB10: ='[2]211'!C5716 -> -0.30331737 | CC10: ='[2]211'!B6275 -> 1.6809406 | CD10: ='[2]211'!C6275 -> 3.0139212 | CE10: - | CF10: - | CG10: - | CH10: - | CI10: ='[2]212'!B126 -> 0.58207968 | CJ10: ='[2]212'!C126 -> 0.22944896 | CK10: ='[2]212'!B685 -> 0.88823662 | CL10: ='[2]212'!C685 -> 1.2813539 | CM10: ='[2]212'!B5157 -> -1.0243248 | CN10: ='[2]212'!C5157 -> 2.4008994 | CO10: ='[2]212'!B5716 -> 2.7935534 | CP10: ='[2]212'!C5716 -> -1.3228597 | CQ10: ='[2]212'!B6275 -> -4.3813497 | CR10: ='[2]212'!C6275 -> 5.2304896 | CS10: - | CT10: - | CU10: - | CV10: - | CW10: ='[2]213'!B126 -> 2.6934875 | CX10: ='[2]213'!C126 -> 2.6002535 | CY10: ='[2]213'!B685 -> 0.48222689 | CZ10: ='[2]213'!C685 -> 1.0998143 | DA10: ='[2]213'!B5157 -> -0.55529388 | DB10: ='[2]213'!C5157 -> 0.39128062 | DC10: ='[2]213'!B5716 -> 1.8930514 | DD10: ='[2]213'!C5716 -> 1.9165026 | DE10: ='[2]213'!B6275 -> 0.74305658 | DF10: ='[2]213'!C6275 -> 1.4389574 | DG10: - | DH10: - | DI10: - | DJ10: -
A11: 18 | B11: Lampung | C11: ='[2]201'!B137 -> 1.2245476e+08 | D11: ='[2]201'!C137 -> 1.3537943e+08 | E11: ='[2]201'!B696 -> 78711081 | F11: ='[2]201'!C696 -> 83512537 | G11: ='[2]201'!B5168 -> 2279571.7 | H11: ='[2]201'!C5168 -> 2368726.5 | I11: ='[2]201'!B5727 -> 6684825 | J11: ='[2]201'!C5727 -> 7894499 | K11: ='[2]201'!B6286 -> 37315254 | L11: ='[2]201'!C6286 -> 39729504 | M11: ='[2]201'!B7963 -> 577638.02 | N11: ='[2]201'!C7963 -> 434160.93 | O11: =C11-(E11+G11+I11+K11+M11) -> -3113613.5 | P11: =D11-(F11+H11+J11+L11+N11) -> 1440006.3 | Q11: ='[2]202'!B137 -> 69744760 | R11: ='[2]202'!C137 -> 76428206 | S11: ='[2]202'!B696 -> 43188992 | T11: ='[2]202'!C696 -> 45233739 | U11: ='[2]202'!B5168 -> 1209667.7 | V11: ='[2]202'!C5168 -> 1239088.5 | W11: ='[2]202'!B5727 -> 3750453 | X11: ='[2]202'!C5727 -> 4372249.2 | Y11: ='[2]202'!B6286 -> 21500829 | Z11: ='[2]202'!C6286 -> 22762875 | AA11: ='[2]202'!B7963 -> 706253.69 | AB11: ='[2]202'!C7963 -> 334002.43 | AC11: =Q11-(S11+U11+W11+Y11+AA11) -> -611435.84 | AD11: =R11-(T11+V11+X11+Z11+AB11) -> 2486251.5 | AE11: ='[2]205'!B137 -> 100 | AF11: ='[2]205'!C137 -> 100 | AG11: ='[2]205'!B696 -> 64.277684 | AH11: ='[2]205'!C696 -> 61.687758 | AI11: ='[2]205'!B5168 -> 1.8615624 | AJ11: ='[2]205'!C5168 -> 1.7496945 | AK11: ='[2]205'!B5727 -> 5.4590162 | AL11: ='[2]205'!C5727 -> 5.8313872 | AM11: ='[2]205'!B6286 -> 30.472687 | AN11: ='[2]205'!C6286 -> 29.34678 | AO11: ='[2]205'!B7963 -> 0.47171547 | AP11: ='[2]205'!C7963 -> 0.32069932 | AQ11: =AE11-(AG11+AI11+AK11+AM11+AO11) -> -2.5426644 | AR11: =AF11-(AH11+AJ11+AL11+AN11+AP11) -> 1.0636817 | AS11: ='[2]209'!B137 -> -1.1477619 | AT11: ='[2]209'!C137 -> 9.5827208 | AU11: ='[2]209'!B696 -> 0.83632125 | AV11: ='[2]209'!C696 -> 4.7344161 | AW11: ='[2]209'!B5168 -> -1.3776646 | AX11: ='[2]209'!C5168 -> 2.4321416 | AY11: ='[2]209'!B5727 -> -39.430184 | AZ11: ='[2]209'!C5727 -> 16.579229 | BA11: ='[2]209'!B6286 -> -6.3103813 | BB11: ='[2]209'!C6286 -> 5.8697544 | BC11: - | BD11: - | BE11: - | BF11: - | BG11: ='[2]210'!B137 -> 5.2127939 | BH11: ='[2]210'!C137 -> 5.0446834 | BI11: ='[2]210'!B696 -> 5.4485521 | BJ11: ='[2]210'!C696 -> 4.977808 | BK11: ='[2]210'!B5168 -> 2.8326504 | BL11: ='[2]210'!C5168 -> 5.0628657 | BM11: ='[2]210'!B5727 -> -1.0102369 | BN11: ='[2]210'!C5727 -> -2.5759546 | BO11: ='[2]210'!B6286 -> 1.2808097 | BP11: ='[2]210'!C6286 -> 5.3561753 | BQ11: - | BR11: - | BS11: - | BT11: - | BU11: ='[2]211'!B137 -> 5.2127939 | BV11: ='[2]211'!C137 -> 5.1248283 | BW11: ='[2]211'!B696 -> 5.4485521 | BX11: ='[2]211'!C696 -> 5.2072109 | BY11: ='[2]211'!B5168 -> 2.8326504 | BZ11: ='[2]211'!C5168 -> 3.9491934 | CA11: ='[2]211'!B5727 -> -1.0102369 | CB11: ='[2]211'!C5727 -> -1.8592242 | CC11: ='[2]211'!B6286 -> 1.2808097 | CD11: ='[2]211'!C6286 -> 3.3364131 | CE11: - | CF11: - | CG11: - | CH11: - | CI11: ='[2]212'!B137 -> 1.1797511 | CJ11: ='[2]212'!C137 -> 0.88694204 | CK11: ='[2]212'!B696 -> 0.84306918 | CL11: ='[2]212'!C696 -> 1.3039516 | CM11: ='[2]212'!B5168 -> 0.75813596 | CN11: ='[2]212'!C5168 -> 1.443778 | CO11: ='[2]212'!B5727 -> 0.77919884 | CP11: ='[2]212'!C5727 -> 1.3009114 | CQ11: ='[2]212'!B6286 -> -0.14336142 | CR11: ='[2]212'!C6286 -> 0.56684812 | CS11: - | CT11: - | CU11: - | CV11: - | CW11: ='[2]213'!B137 -> 2.7749314 | CX11: ='[2]213'!C137 -> 2.4597224 | CY11: ='[2]213'!B696 -> 2.1736176 | CZ11: ='[2]213'!C696 -> 2.7407263 | DA11: ='[2]213'!B5168 -> 1.7971134 | DB11: ='[2]213'!C5168 -> 2.7673527 | DC11: ='[2]213'!B5727 -> 2.1690617 | DD11: ='[2]213'!C5727 -> 2.3374904 | DE11: ='[2]213'!B6286 -> 2.1718457 | DF11: ='[2]213'!C6286 -> 2.2525972 | DG11: - | DH11: - | DI11: - | DJ11: -
A12: 19 | B12: Kepulauan Bangka Belitung | C12: ='[2]201'!B153 -> 27440828 | D12: ='[2]201'!C153 -> 29263750 | E12: ='[2]201'!B712 -> 15592658 | F12: ='[2]201'!C712 -> 15990460 | G12: ='[2]201'!B5184 -> 229176.63 | H12: ='[2]201'!C5184 -> 234707.59 | I12: ='[2]201'!B5743 -> 1859695.7 | J12: ='[2]201'!C5743 -> 2425850 | K12: ='[2]201'!B6302 -> 6407718.5 | L12: ='[2]201'!C6302 -> 6538515.8 | M12: ='[2]201'!B7979 -> 29032.747 | N12: ='[2]201'!C7979 -> 30149.227 | O12: =C12-(E12+G12+I12+K12+M12) -> 3322547.1 | P12: =D12-(F12+H12+J12+L12+N12) -> 4044066.9 | Q12: ='[2]202'!B153 -> 15153469 | R12: ='[2]202'!C153 -> 15953799 | S12: ='[2]202'!B712 -> 8373320.7 | T12: ='[2]202'!C712 -> 8533476.3 | U12: ='[2]202'!B5184 -> 122391.18 | V12: ='[2]202'!C5184 -> 123543.97 | W12: ='[2]202'!B5743 -> 1020948 | X12: ='[2]202'!C5743 -> 1277717.1 | Y12: ='[2]202'!B6302 -> 3040137.5 | Z12: ='[2]202'!C6302 -> 3079732.2 | AA12: ='[2]202'!B7979 -> 8340.4034 | AB12: ='[2]202'!C7979 -> 8762.2935 | AC12: =Q12-(S12+U12+W12+Y12+AA12) -> 2588331.6 | AD12: =R12-(T12+V12+X12+Z12+AB12) -> 2930567.1 | AE12: ='[2]205'!B153 -> 100 | AF12: ='[2]205'!C153 -> 100 | AG12: ='[2]205'!B712 -> 56.822839 | AH12: ='[2]205'!C712 -> 54.642554 | AI12: ='[2]205'!B5184 -> 0.8351666 | AJ12: ='[2]205'!C5184 -> 0.80204211 | AK12: ='[2]205'!B5743 -> 6.7771121 | AL12: ='[2]205'!C5743 -> 8.2896074 | AM12: ='[2]205'!B6302 -> 23.351039 | AN12: ='[2]205'!C6302 -> 22.343397 | AO12: ='[2]205'!B7979 -> 0.10580128 | AP12: ='[2]205'!C7979 -> 0.10302585 | AQ12: =AE12-(AG12+AI12+AK12+AM12+AO12) -> 12.108042 | AR12: =AF12-(AH12+AJ12+AL12+AN12+AP12) -> 13.819374 | AS12: ='[2]209'!B153 -> -4.0716971 | AT12: ='[2]209'!C153 -> 5.2814948 | AU12: ='[2]209'!B712 -> 1.3335289 | AV12: ='[2]209'!C712 -> 1.9126895 | AW12: ='[2]209'!B5184 -> 0.51919983 | AX12: ='[2]209'!C5184 -> 0.94188737 | AY12: ='[2]209'!B5743 -> -43.959401 | AZ12: ='[2]209'!C5743 -> 25.150066 | BA12: ='[2]209'!B6302 -> -9.6772158 | BB12: ='[2]209'!C6302 -> 1.3024 | BC12: - | BD12: - | BE12: - | BF12: - | BG12: ='[2]210'!B153 -> 4.5986722 | BH12: ='[2]210'!C153 -> 4.0941413 | BI12: ='[2]210'!B712 -> 1.5664875 | BJ12: ='[2]210'!C712 -> 3.4028746 | BK12: ='[2]210'!B5184 -> 3.6735953 | BL12: ='[2]210'!C5184 -> 10.837233 | BM12: ='[2]210'!B5743 -> -3.09319 | BN12: ='[2]210'!C5743 -> -12.171136 | BO12: ='[2]210'!B6302 -> -1.6817935 | BP12: ='[2]210'!C6302 -> -0.84275983 | BQ12: - | BR12: - | BS12: - | BT12: - | BU12: ='[2]211'!B153 -> 4.5986722 | BV12: ='[2]211'!C153 -> 4.339307 | BW12: ='[2]211'!B712 -> 1.5664875 | BX12: ='[2]211'!C712 -> 2.4851526 | BY12: ='[2]211'!B5184 -> 3.6735953 | BZ12: ='[2]211'!C5184 -> 7.1525717 | CA12: ='[2]211'!B5743 -> -3.09319 | CB12: ='[2]211'!C5743 -> -8.358243 | CC12: ='[2]211'!B6302 -> -1.6817935 | CD12: ='[2]211'!C6302 -> -1.2613449 | CE12: - | CF12: - | CG12: - | CH12: - | CI12: ='[2]212'!B153 -> 1.5186705 | CJ12: ='[2]212'!C153 -> 1.2932987 | CK12: ='[2]212'!B712 -> 1.7065079 | CL12: ='[2]212'!C712 -> 0.62654363 | CM12: ='[2]212'!B5184 -> 1.949615 | CN12: ='[2]212'!C5184 -> 1.4577873 | CO12: ='[2]212'!B5743 -> -1.2163157 | CP12: ='[2]212'!C5743 -> 4.2295743 | CQ12: ='[2]212'!B6302 -> 0.03602885 | CR12: ='[2]212'!C6302 -> 0.72934698 | CS12: - | CT12: - | CU12: - | CV12: - | CW12: ='[2]213'!B153 -> 4.042027 | CX12: ='[2]213'!C153 -> 3.7120928 | CY12: ='[2]213'!B712 -> 1.266996 | CZ12: ='[2]213'!C712 -> 1.0658163 | DA12: ='[2]213'!B5184 -> 2.5225307 | DB12: ='[2]213'!C5184 -> 3.9291618 | DC12: ='[2]213'!B5743 -> -2.9238286 | DD12: ='[2]213'!C5743 -> 0.88364954 | DE12: ='[2]213'!B6302 -> 3.3510827 | DF12: ='[2]213'!C6302 -> 1.8126212 | DG12: - | DH12: - | DI12: - | DJ12: -
A13: 21 | B13: Kepulauan Riau | C13: ='[2]201'!B161 -> 91229421 | D13: ='[2]201'!C161 -> 94040260 | E13: ='[2]201'!B720 -> 38474448 | F13: ='[2]201'!C720 -> 39444010 | G13: ='[2]201'!B5192 -> 232897.17 | H13: ='[2]201'!C5192 -> 241482.16 | I13: ='[2]201'!B5751 -> 2934452.2 | J13: ='[2]201'!C5751 -> 3564162.5 | K13: ='[2]201'!B6310 -> 38917853 | L13: ='[2]201'!C6310 -> 40202256 | M13: ='[2]201'!B7987 -> -639688.4 | N13: ='[2]201'!C7987 -> 1178925.3 | O13: =C13-(E13+G13+I13+K13+M13) -> 11309459 | P13: =D13-(F13+H13+J13+L13+N13) -> 9409423.6 | Q13: ='[2]202'!B161 -> 53152566 | R13: ='[2]202'!C161 -> 54810844 | S13: ='[2]202'!B720 -> 20984275 | T13: ='[2]202'!C720 -> 21450861 | U13: ='[2]202'!B5192 -> 125989.48 | V13: ='[2]202'!C5192 -> 129802.59 | W13: ='[2]202'!B5751 -> 1601758.9 | X13: ='[2]202'!C5751 -> 1922525.2 | Y13: ='[2]202'!B6310 -> 21213523 | Z13: ='[2]202'!C6310 -> 21889521 | AA13: ='[2]202'!B7987 -> -338608.3 | AB13: ='[2]202'!C7987 -> 623869.48 | AC13: =Q13-(S13+U13+W13+Y13+AA13) -> 9565627.5 | AD13: =R13-(T13+V13+X13+Z13+AB13) -> 8794265.3 | AE13: ='[2]205'!B161 -> 100 | AF13: ='[2]205'!C161 -> 100 | AG13: ='[2]205'!B720 -> 42.17329 | AH13: ='[2]205'!C720 -> 41.943749 | AI13: ='[2]205'!B5192 -> 0.25528735 | AJ13: ='[2]205'!C5192 -> 0.25678594 | AK13: ='[2]205'!B5751 -> 3.2165634 | AL13: ='[2]205'!C5751 -> 3.790039 | AM13: ='[2]205'!B6310 -> 42.659323 | AN13: ='[2]205'!C6310 -> 42.750048 | AO13: ='[2]205'!B7987 -> -0.70118652 | AP13: ='[2]205'!C7987 -> 1.2536389 | AQ13: =AE13-(AG13+AI13+AK13+AM13+AO13) -> 12.396724 | AR13: =AF13-(AH13+AJ13+AL13+AN13+AP13) -> 10.00574 | AS13: ='[2]209'!B161 -> -2.2848469 | AT13: ='[2]209'!C161 -> 3.119847 | AU13: ='[2]209'!B720 -> 0.51544201 | AV13: ='[2]209'!C720 -> 2.2235002 | AW13: ='[2]209'!B5192 -> 0.3691067 | AX13: ='[2]209'!C5192 -> 3.026535 | AY13: ='[2]209'!B5751 -> -49.471208 | AZ13: ='[2]209'!C5751 -> 20.025884 | BA13: ='[2]209'!B6310 -> -2.4685472 | BB13: ='[2]209'!C6310 -> 3.1866382 | BC13: - | BD13: - | BE13: - | BF13: - | BG13: ='[2]210'!B161 -> 4.7587333 | BH13: ='[2]210'!C161 -> 7.2594888 | BI13: ='[2]210'!B720 -> 4.3544555 | BJ13: ='[2]210'!C720 -> 4.0210879 | BK13: ='[2]210'!B5192 -> -2.4223706 | BL13: ='[2]210'!C5192 -> 7.2943893 | BM13: ='[2]210'!B5751 -> 3.3148139 | BN13: ='[2]210'!C5751 -> -16.177393 | BO13: ='[2]210'!B6310 -> 4.4128318 | BP13: ='[2]210'!C6310 -> 8.1664106 | BQ13: - | BR13: - | BS13: - | BT13: - | BU13: ='[2]211'!B161 -> 4.7587333 | BV13: ='[2]211'!C161 -> 6.013569 | BW13: ='[2]211'!B720 -> 4.3544555 | BX13: ='[2]211'!C720 -> 4.1856724 | BY13: ='[2]211'!B5192 -> -2.4223706 | BZ13: ='[2]211'!C5192 -> 2.2778965 | CA13: ='[2]211'!B5751 -> 3.3148139 | CB13: ='[2]211'!C5751 -> -8.31563 | CC13: ='[2]211'!B6310 -> 4.4128318 | CD13: ='[2]211'!C6310 -> 6.2859153 | CE13: - | CF13: - | CG13: - | CH13: - | CI13: ='[2]212'!B161 -> 0.82821938 | CJ13: ='[2]212'!C161 -> -0.037607328 | CK13: ='[2]212'!B720 -> 0.95837704 | CL13: ='[2]212'!C720 -> 0.29006657 | CM13: ='[2]212'!B5192 -> 0.25489455 | CN13: ='[2]212'!C5192 -> 0.64025922 | CO13: ='[2]212'!B5751 -> -0.76191023 | CP13: ='[2]212'!C5751 -> 1.1941835 | CQ13: ='[2]212'!B6310 -> 0.53241027 | CR13: ='[2]212'!C6310 -> 0.1101447 | CS13: - | CT13: - | CU13: - | CV13: - | CW13: ='[2]213'!B161 -> 1.596743 | CX13: ='[2]213'!C161 -> 1.0959275 | CY13: ='[2]213'!B720 -> 2.4639968 | CZ13: ='[2]213'!C720 -> 2.0587384 | DA13: ='[2]213'!B5192 -> 2.0872169 | DB13: ='[2]213'!C5192 -> 2.0158239 | DC13: ='[2]213'!B5751 -> 2.6941695 | DD13: ='[2]213'!C5751 -> 2.265346 | DE13: ='[2]213'!B6310 -> 1.0463494 | DF13: ='[2]213'!C6310 -> 0.85544295 | DG13: - | DH13: - | DI13: - | DJ13: -
A14: 31 | B14: Dki Jakarta | C14: ='[2]201'!B169 -> 9.6495746e+08 | D14: ='[2]201'!C169 -> 9.8423411e+08 | E14: ='[2]201'!B728 -> 5.8501676e+08 | F14: ='[2]201'!C728 -> 6.156875e+08 | G14: ='[2]201'!B5200 -> 22227470 | H14: ='[2]201'!C5200 -> 23015365 | I14: ='[2]201'!B5759 -> 1.1594924e+08 | J14: ='[2]201'!C5759 -> 1.1587952e+08 | K14: ='[2]201'!B6318 -> 3.1434637e+08 | L14: ='[2]201'!C6318 -> 3.2499189e+08 | M14: ='[2]201'!B7995 -> 5288344.4 | N14: ='[2]201'!C7995 -> 6408832.7 | O14: =C14-(E14+G14+I14+K14+M14) -> -77870719 | P14: =D14-(F14+H14+J14+L14+N14) -> -1.01749e+08 | Q14: ='[2]202'!B169 -> 5.5680374e+08 | R14: ='[2]202'!C169 -> 5.656567e+08 | S14: ='[2]202'!B728 -> 3.2349366e+08 | T14: ='[2]202'!C728 -> 3.3463784e+08 | U14: ='[2]202'!B5200 -> 13270518 | V14: ='[2]202'!C5200 -> 13401431 | W14: ='[2]202'!B5759 -> 62156109 | X14: ='[2]202'!C5759 -> 60881080 | Y14: ='[2]202'!B6318 -> 1.9916781e+08 | Z14: ='[2]202'!C6318 -> 2.0549635e+08 | AA14: ='[2]202'!B7995 -> 2166901.9 | AB14: ='[2]202'!C7995 -> 2625675.5 | AC14: =Q14-(S14+U14+W14+Y14+AA14) -> -43451255 | AD14: =R14-(T14+V14+X14+Z14+AB14) -> -51385671 | AE14: ='[2]205'!B169 -> 100 | AF14: ='[2]205'!C169 -> 100 | AG14: ='[2]205'!B728 -> 60.626171 | AH14: ='[2]205'!C728 -> 62.554985 | AI14: ='[2]205'!B5200 -> 2.3034663 | AJ14: ='[2]205'!C5200 -> 2.3384035 | AK14: ='[2]205'!B5759 -> 12.015995 | AL14: ='[2]205'!C5759 -> 11.773573 | AM14: ='[2]205'!B6318 -> 32.576189 | AN14: ='[2]205'!C6318 -> 33.019775 | AO14: ='[2]205'!B7995 -> 0.54803912 | AP14: ='[2]205'!C7995 -> 0.65114922 | AQ14: =AE14-(AG14+AI14+AK14+AM14+AO14) -> -8.0698603 | AR14: =AF14-(AH14+AJ14+AL14+AN14+AP14) -> -10.337886 | AS14: ='[2]209'!B169 -> 0.58553435 | AT14: ='[2]209'!C169 -> 1.5899605 | AU14: ='[2]209'!B728 -> 0.29355842 | AV14: ='[2]209'!C728 -> 3.4449447 | AW14: ='[2]209'!B5200 -> 0.69966014 | AX14: ='[2]209'!C5200 -> 0.98649465 | AY14: ='[2]209'!B5759 -> -16.497427 | AZ14: ='[2]209'!C5759 -> -2.0513334 | BA14: ='[2]209'!B6318 -> -6.763824 | BB14: ='[2]209'!C6318 -> 3.1774915 | BC14: - | BD14: - | BE14: - | BF14: - | BG14: ='[2]210'!B169 -> 4.9404251 | BH14: ='[2]210'!C169 -> 5.1508818 | BI14: ='[2]210'!B728 -> 5.3688779 | BJ14: ='[2]210'!C728 -> 5.1132925 | BK14: ='[2]210'!B5200 -> 3.5398573 | BL14: ='[2]210'!C5200 -> 4.6681769 | BM14: ='[2]210'!B5759 -> 9.3595476 | BN14: ='[2]210'!C5759 -> 5.5796773 | BO14: ='[2]210'!B6318 -> 2.9378243 | BP14: ='[2]210'!C6318 -> 5.4987316 | BQ14: - | BR14: - | BS14: - | BT14: - | BU14: ='[2]211'!B169 -> 4.9404251 | BV14: ='[2]211'!C169 -> 5.046378 | BW14: ='[2]211'!B728 -> 5.3688779 | BX14: ='[2]211'!C728 -> 5.2387662 | BY14: ='[2]211'!B5200 -> 3.5398573 | BZ14: ='[2]211'!C5200 -> 4.1037289 | CA14: ='[2]211'!B5759 -> 9.3595476 | CB14: ='[2]211'!C5759 -> 7.4559594 | CC14: ='[2]211'!B6318 -> 2.9378243 | CD14: ='[2]211'!C6318 -> 4.2225718 | CE14: - | CF14: - | CG14: - | CH14: - | CI14: ='[2]212'!B169 -> 0.49201385 | CJ14: ='[2]212'!C169 -> 0.40132687 | CK14: ='[2]212'!B728 -> -0.034918678 | CL14: ='[2]212'!C728 -> 1.7378972 | CM14: ='[2]212'!B5200 -> -0.68670071 | CN14: ='[2]212'!C5200 -> 2.5332086 | CO14: ='[2]212'!B5759 -> -4.0843729 | CP14: ='[2]212'!C5759 -> 2.0329102 | CQ14: ='[2]212'!B6318 -> 0.24598251 | CR14: ='[2]212'!C6318 -> 0.20262713 | CS14: - | CT14: - | CU14: - | CV14: - | CW14: ='[2]213'!B169 -> 1.8122803 | CX14: ='[2]213'!C169 -> 1.3856941 | CY14: ='[2]213'!B728 -> 0.82089013 | CZ14: ='[2]213'!C728 -> 1.9077146 | DA14: ='[2]213'!B5200 -> 0.19684358 | DB14: ='[2]213'!C5200 -> 2.1061614 | DC14: ='[2]213'!B5759 -> 0.93342239 | DD14: ='[2]213'!C5759 -> 0.89602734 | DE14: ='[2]213'!B6318 -> 0.86647552 | DF14: ='[2]213'!C6318 -> 0.88476578 | DG14: - | DH14: - | DI14: - | DJ14: -
A15: 32 | B15: Jawa Barat | C15: ='[2]201'!B176 -> 7.414067e+08 | D15: ='[2]201'!C176 -> 7.6652545e+08 | E15: ='[2]201'!B735 -> 4.7325401e+08 | F15: ='[2]201'!C735 -> 4.8906418e+08 | G15: ='[2]201'!B5207 -> 4999641.7 | H15: ='[2]201'!C5207 -> 5214431.7 | I15: ='[2]201'!B5766 -> 27149248 | J15: ='[2]201'!C5766 -> 32913658 | K15: ='[2]201'!B6325 -> 1.7952828e+08 | L15: ='[2]201'!C6325 -> 1.8632465e+08 | M15: ='[2]201'!B8002 -> -272817.23 | N15: ='[2]201'!C8002 -> 237030.09 | O15: =C15-(E15+G15+I15+K15+M15) -> 56748338 | P15: =D15-(F15+H15+J15+L15+N15) -> 52771500 | Q15: ='[2]202'!B176 -> 4.5453684e+08 | R15: ='[2]202'!C176 -> 4.6560173e+08 | S15: ='[2]202'!B735 -> 2.7102925e+08 | T15: ='[2]202'!C735 -> 2.7742545e+08 | U15: ='[2]202'!B5207 -> 3048692.9 | V15: ='[2]202'!C5207 -> 3109507.1 | W15: ='[2]202'!B5766 -> 15171553 | X15: ='[2]202'!C5766 -> 18251718 | Y15: ='[2]202'!B6325 -> 1.0574067e+08 | Z15: ='[2]202'!C6325 -> 1.0901257e+08 | AA15: ='[2]202'!B8002 -> -142041.91 | AB15: ='[2]202'!C8002 -> 114079.04 | AC15: =Q15-(S15+U15+W15+Y15+AA15) -> 59688722 | AD15: =R15-(T15+V15+X15+Z15+AB15) -> 57688402 | AE15: ='[2]205'!B176 -> 100 | AF15: ='[2]205'!C176 -> 100 | AG15: ='[2]205'!B735 -> 63.831904 | AH15: ='[2]205'!C735 -> 63.802733 | AI15: ='[2]205'!B5207 -> 0.67434536 | AJ15: ='[2]205'!C5207 -> 0.68026857 | AK15: ='[2]205'!B5766 -> 3.6618562 | AL15: ='[2]205'!C5766 -> 4.2938768 | AM15: ='[2]205'!B6325 -> 24.214548 | AN15: ='[2]205'!C6325 -> 24.307692 | AO15: ='[2]205'!B8002 -> -0.036797243 | AP15: ='[2]205'!C8002 -> 0.030922663 | AQ15: =AE15-(AG15+AI15+AK15+AM15+AO15) -> 7.6541442 | AR15: =AF15-(AH15+AJ15+AL15+AN15+AP15) -> 6.8845073 | AS15: ='[2]209'!B176 -> 0.42496905 | AT15: ='[2]209'!C176 -> 2.4343215 | AU15: ='[2]209'!B735 -> 0.95453671 | AV15: ='[2]209'!C735 -> 2.3599674 | AW15: ='[2]209'!B5207 -> 3.4472421 | AX15: ='[2]209'!C5207 -> 1.9947617 | AY15: ='[2]209'!B5766 -> -41.44692 | AZ15: ='[2]209'!C5766 -> 20.302234 | BA15: ='[2]209'!B6325 -> -3.4675158 | BB15: ='[2]209'!C6325 -> 3.0942747 | BC15: - | BD15: - | BE15: - | BF15: - | BG15: ='[2]210'!B176 -> 4.9317071 | BH15: ='[2]210'!C176 -> 4.9141758 | BI15: ='[2]210'!B735 -> 4.252237 | BJ15: ='[2]210'!C735 -> 3.3948134 | BK15: ='[2]210'!B5207 -> 4.9523566 | BL15: ='[2]210'!C5207 -> 5.0725396 | BM15: ='[2]210'!B5766 -> 1.863261 | BN15: ='[2]210'!C5766 -> -2.223632 | BO15: ='[2]210'!B6325 -> 3.6370082 | BP15: ='[2]210'!C6325 -> 6.0111776 | BQ15: - | BR15: - | BS15: - | BT15: - | BU15: ='[2]211'!B176 -> 4.9317071 | BV15: ='[2]211'!C176 -> 4.9228353 | BW15: ='[2]211'!B735 -> 4.252237 | BX15: ='[2]211'!C735 -> 3.8167555 | BY15: ='[2]211'!B5207 -> 4.9523566 | BZ15: ='[2]211'!C5207 -> 5.0130071 | CA15: ='[2]211'!B5766 -> 1.863261 | CB15: ='[2]211'!C5766 -> -0.40990069 | CC15: ='[2]211'!B6325 -> 3.6370082 | CD15: ='[2]211'!C6325 -> 4.8287365 | CE15: - | CF15: - | CG15: - | CH15: - | CI15: ='[2]212'!B176 -> 1.0333532 | CJ15: ='[2]212'!C176 -> 0.93099989 | CK15: ='[2]212'!B735 -> 0.3365423 | CL15: ='[2]212'!C735 -> 0.95815687 | CM15: ='[2]212'!B5207 -> -1.8742379 | CN15: ='[2]212'!C5207 -> 2.2563379 | CO15: ='[2]212'!B5766 -> 0.81846409 | CP15: ='[2]212'!C5766 -> 0.77311136 | CQ15: ='[2]212'!B6325 -> 0.36440303 | CR15: ='[2]212'!C6325 -> 0.67065386 | CS15: - | CT15: - | CU15: - | CV15: - | CW15: ='[2]213'!B176 -> 3.4950784 | CX15: ='[2]213'!C176 -> 3.0210376 | CY15: ='[2]213'!B735 -> 1.1824974 | CZ15: ='[2]213'!C735 -> 1.4579804 | DA15: ='[2]213'!B5207 -> -0.0050786005 | DB15: ='[2]213'!C5207 -> 1.3733062 | DC15: ='[2]213'!B5766 -> 1.3734428 | DD15: ='[2]213'!C5766 -> 1.1042465 | DE15: ='[2]213'!B6325 -> 3.2612037 | DF15: ='[2]213'!C6325 -> 2.9165373 | DG15: - | DH15: - | DI15: - | DJ15: -
A16: 33 | B16: Jawa Tengah | C16: ='[2]201'!B204 -> 4.7148126e+08 | D16: ='[2]201'!C204 -> 4.7758786e+08 | E16: ='[2]201'!B763 -> 2.8622158e+08 | F16: ='[2]201'!C763 -> 2.9548065e+08 | G16: ='[2]201'!B5235 -> 6405261.6 | H16: ='[2]201'!C5235 -> 6618824.3 | I16: ='[2]201'!B5794 -> 20769548 | J16: ='[2]201'!C5794 -> 27876209 | K16: ='[2]201'!B6353 -> 1.3657946e+08 | L16: ='[2]201'!C6353 -> 1.4362372e+08 | M16: ='[2]201'!B8030 -> 3857833.1 | N16: ='[2]201'!C8030 -> 3871033.3 | O16: =C16-(E16+G16+I16+K16+M16) -> 17647587 | P16: =D16-(F16+H16+J16+L16+N16) -> 117420.85 | Q16: ='[2]202'!B204 -> 2.9725474e+08 | R16: ='[2]202'!C204 -> 3.0107092e+08 | S16: ='[2]202'!B763 -> 1.7503137e+08 | T16: ='[2]202'!C763 -> 1.789308e+08 | U16: ='[2]202'!B5235 -> 3433359.8 | V16: ='[2]202'!C5235 -> 3487151.6 | W16: ='[2]202'!B5794 -> 11821123 | X16: ='[2]202'!C5794 -> 15913008 | Y16: ='[2]202'!B6353 -> 81752380 | Z16: ='[2]202'!C6353 -> 85769143 | AA16: ='[2]202'!B8030 -> 2710285.2 | AB16: ='[2]202'!C8030 -> 2655436.6 | AC16: =Q16-(S16+U16+W16+Y16+AA16) -> 22506222 | AD16: =R16-(T16+V16+X16+Z16+AB16) -> 14315381 | AE16: ='[2]205'!B204 -> 100 | AF16: ='[2]205'!C204 -> 100 | AG16: ='[2]205'!B763 -> 60.706883 | AH16: ='[2]205'!C763 -> 61.869381 | AI16: ='[2]205'!B5235 -> 1.35854 | AJ16: ='[2]205'!C5235 -> 1.3858862 | AK16: ='[2]205'!B5794 -> 4.4051693 | AL16: ='[2]205'!C5794 -> 5.8368755 | AM16: ='[2]205'!B6353 -> 28.968162 | AN16: ='[2]205'!C6353 -> 30.072732 | AO16: ='[2]205'!B8030 -> 0.81823679 | AP16: ='[2]205'!C8030 -> 0.81053848 | AQ16: =AE16-(AG16+AI16+AK16+AM16+AO16) -> 3.7430092 | AR16: =AF16-(AH16+AJ16+AL16+AN16+AP16) -> 0.024586231 | AS16: ='[2]209'!B204 -> 1.7580071 | AT16: ='[2]209'!C204 -> 1.2838059 | AU16: ='[2]209'!B763 -> 0.86892144 | AV16: ='[2]209'!C763 -> 2.2278429 | AW16: ='[2]209'!B5235 -> 0.64385993 | AX16: ='[2]209'!C5235 -> 1.5667413 | AY16: ='[2]209'!B5794 -> -47.375362 | AZ16: ='[2]209'!C5794 -> 34.615022 | BA16: ='[2]209'!B6353 -> -8.7220278 | BB16: ='[2]209'!C6353 -> 4.913328 | BC16: - | BD16: - | BE16: - | BF16: - | BG16: ='[2]210'!B204 -> 4.8489543 | BH16: ='[2]210'!C204 -> 4.6002091 | BI16: ='[2]210'!B763 -> 4.8371358 | BJ16: ='[2]210'!C763 -> 4.384915 | BK16: ='[2]210'!B5235 -> 2.3991135 | BL16: ='[2]210'!C5235 -> 3.6216703 | BM16: ='[2]210'!B5794 -> -2.2113892 | BN16: ='[2]210'!C5794 -> -3.2949838 | BO16: ='[2]210'!B6353 -> 3.0104934 | BP16: ='[2]210'!C6353 -> 5.9353016 | BQ16: - | BR16: - | BS16: - | BT16: - | BU16: ='[2]211'!B204 -> 4.8489543 | BV16: ='[2]211'!C204 -> 4.7236407 | BW16: ='[2]211'!B763 -> 4.8371358 | BX16: ='[2]211'!C763 -> 4.6080458 | BY16: ='[2]211'!B5235 -> 2.3991135 | BZ16: ='[2]211'!C5235 -> 3.0115159 | CA16: ='[2]211'!B5794 -> -2.2113892 | CB16: ='[2]211'!C5794 -> -2.8360735 | CC16: ='[2]211'!B6353 -> 3.0104934 | CD16: ='[2]211'!C6353 -> 4.4874967 | CE16: - | CF16: - | CG16: - | CH16: - | CI16: ='[2]212'!B204 -> 0.67027813 | CJ16: ='[2]212'!C204 -> 0.011243156 | CK16: ='[2]212'!B763 -> -0.067590685 | CL16: ='[2]212'!C763 -> 0.98514211 | CM16: ='[2]212'!B5235 -> -0.033896008 | CN16: ='[2]212'!C5235 -> 1.7401706 | CO16: ='[2]212'!B5794 -> 1.7890164 | CP16: ='[2]212'!C5794 -> -0.29587342 | CQ16: ='[2]212'!B6353 -> 0.20357432 | CR16: ='[2]212'!C6353 -> 0.23286039 | CS16: - | CT16: - | CU16: - | CV16: - | CW16: ='[2]213'!B204 -> 1.1413459 | CX16: ='[2]213'!C204 -> 0.826554 | CY16: ='[2]213'!B763 -> 1.0291934 | CZ16: ='[2]213'!C763 -> 1.4969658 | DA16: ='[2]213'!B5235 -> 0.50332392 | DB16: ='[2]213'!C5235 -> 2.0854994 | DC16: ='[2]213'!B5794 -> 1.6115575 | DD16: ='[2]213'!C5794 -> -0.06775308 | DE16: ='[2]213'!B6353 -> 1.9213689 | DF16: ='[2]213'!C6353 -> 1.2776526 | DG16: - | DH16: - | DI16: - | DJ16: -
A17: 34 | B17: Di Yogyakarta | C17: ='[2]201'!B240 -> 50698610 | D17: ='[2]201'!C240 -> 51821636 | E17: ='[2]201'!B799 -> 31328292 | F17: ='[2]201'!C799 -> 32410095 | G17: ='[2]201'!B5271 -> 1618173.6 | H17: ='[2]201'!C5271 -> 1656787.4 | I17: ='[2]201'!B5830 -> 6520864.3 | J17: ='[2]201'!C5830 -> 6918354.9 | K17: ='[2]201'!B6389 -> 16717351 | L17: ='[2]201'!C6389 -> 17815300 | M17: ='[2]201'!B8066 -> -28926.929 | N17: ='[2]201'!C8066 -> 415139.34 | O17: =C17-(E17+G17+I17+K17+M17) -> -5457142.9 | P17: =D17-(F17+H17+J17+L17+N17) -> -7394041.1 | Q17: ='[2]202'!B240 -> 32122464 | R17: ='[2]202'!C240 -> 32648738 | S17: ='[2]202'!B799 -> 17115572 | T17: ='[2]202'!C799 -> 17586220 | U17: ='[2]202'!B5271 -> 879344.55 | V17: ='[2]202'!C5271 -> 899078.42 | W17: ='[2]202'!B5830 -> 3453257.7 | X17: ='[2]202'!C5830 -> 3651878.1 | Y17: ='[2]202'!B6389 -> 8502494.3 | Z17: ='[2]202'!C6389 -> 8981959 | AA17: ='[2]202'!B8066 -> -172960.91 | AB17: ='[2]202'!C8066 -> 56532.943 | AC17: =Q17-(S17+U17+W17+Y17+AA17) -> 2344755.4 | AD17: =R17-(T17+V17+X17+Z17+AB17) -> 1473069.9 | AE17: ='[2]205'!B240 -> 100 | AF17: ='[2]205'!C240 -> 100 | AG17: ='[2]205'!B799 -> 61.793196 | AH17: ='[2]205'!C799 -> 62.541629 | AI17: ='[2]205'!B5271 -> 3.1917514 | AJ17: ='[2]205'!C5271 -> 3.1970959 | AK17: ='[2]205'!B5830 -> 12.862018 | AL17: ='[2]205'!C5830 -> 13.350321 | AM17: ='[2]205'!B6389 -> 32.973982 | AN17: ='[2]205'!C6389 -> 34.378112 | AO17: ='[2]205'!B8066 -> -0.057056651 | AP17: ='[2]205'!C8066 -> 0.80109268 | AQ17: =AE17-(AG17+AI17+AK17+AM17+AO17) -> -10.76389 | AR17: =AF17-(AH17+AJ17+AL17+AN17+AP17) -> -14.268251 | AS17: ='[2]209'!B240 -> 0.79160022 | AT17: ='[2]209'!C240 -> 1.6383378 | AU17: ='[2]209'!B799 -> 0.85315751 | AV17: ='[2]209'!C799 -> 2.7498183 | AW17: ='[2]209'!B5271 -> 1.2122005 | AX17: ='[2]209'!C5271 -> 2.2441572 | AY17: ='[2]209'!B5830 -> -24.617702 | AZ17: ='[2]209'!C5830 -> 5.7516819 | BA17: ='[2]209'!B6389 -> -7.4281448 | BB17: ='[2]209'!C6389 -> 5.6391069 | BC17: - | BD17: - | BE17: - | BF17: - | BG17: ='[2]210'!B240 -> 5.1145212 | BH17: ='[2]210'!C240 -> 5.3793412 | BI17: ='[2]210'!B799 -> 4.559148 | BJ17: ='[2]210'!C799 -> 4.7344618 | BK17: ='[2]210'!B5271 -> -2.0800316 | BL17: ='[2]210'!C5271 -> 4.4031142 | BM17: ='[2]210'!B5830 -> 0.89561957 | BN17: ='[2]210'!C5830 -> 0.81284968 | BO17: ='[2]210'!B6389 -> 6.9888858 | BP17: ='[2]210'!C6389 -> 8.2064573 | BQ17: - | BR17: - | BS17: - | BT17: - | BU17: ='[2]211'!B240 -> 5.1145212 | BV17: ='[2]211'!C240 -> 5.2478405 | BW17: ='[2]211'!B799 -> 4.559148 | BX17: ='[2]211'!C799 -> 4.6479204 | BY17: ='[2]211'!B5271 -> -2.0800316 | BZ17: ='[2]211'!C5271 -> 1.0936151 | CA17: ='[2]211'!B5830 -> 0.89561957 | CB17: ='[2]211'!C5830 -> 0.85306076 | CC17: ='[2]211'!B6389 -> 6.9888858 | CD17: ='[2]211'!C6389 -> 7.6109235 | CE17: - | CF17: - | CG17: - | CH17: - | CI17: ='[2]212'!B240 -> 1.3020118 | CJ17: ='[2]212'!C240 -> 0.5674669 | CK17: ='[2]212'!B799 -> 0.64595625 | CL17: ='[2]212'!C799 -> 0.68447987 | CM17: ='[2]212'!B5271 -> 0.33451361 | CN17: ='[2]212'!C5271 -> 0.13898315 | CO17: ='[2]212'!B5830 -> 0.13252524 | CP17: ='[2]212'!C5830 -> 0.32528185 | CQ17: ='[2]212'!B6389 -> 1.6192758 | CR17: ='[2]212'!C6389 -> 0.87904901 | CS17: - | CT17: - | CU17: - | CV17: - | CW17: ='[2]213'!B240 -> 1.9458397 | CX17: ='[2]213'!C240 -> 2.1616202 | CY17: ='[2]213'!B799 -> 2.2320853 | CZ17: ='[2]213'!C799 -> 2.946193 | DA17: ='[2]213'!B5271 -> 2.3409271 | DB17: ='[2]213'!C5271 -> 1.837964 | DC17: ='[2]213'!B5830 -> 3.2442511 | DD17: ='[2]213'!C5830 -> 2.7687682 | DE17: ='[2]213'!B6389 -> 3.5240245 | DF17: ='[2]213'!C6389 -> 3.0491402 | DG17: - | DH17: - | DI17: - | DJ17: -
A18: 35 | B18: Jawa Timur | C18: ='[2]201'!B246 -> 8.1950948e+08 | D18: ='[2]201'!C246 -> 8.5003575e+08 | E18: ='[2]201'!B805 -> 4.9989366e+08 | F18: ='[2]201'!C805 -> 5.1805224e+08 | G18: ='[2]201'!B5277 -> 10679999 | H18: ='[2]201'!C5277 -> 10843402 | I18: ='[2]201'!B5836 -> 25953608 | J18: ='[2]201'!C5836 -> 31054702 | K18: ='[2]201'!B6395 -> 2.1598292e+08 | L18: ='[2]201'!C6395 -> 2.2704319e+08 | M18: ='[2]201'!B8072 -> 4975606.6 | N18: ='[2]201'!C8072 -> 7440704.8 | O18: =C18-(E18+G18+I18+K18+M18) -> 62023689 | P18: =D18-(F18+H18+J18+L18+N18) -> 55601507 | Q18: ='[2]202'!B246 -> 4.9382986e+08 | R18: ='[2]202'!C246 -> 5.0950181e+08 | S18: ='[2]202'!B805 -> 2.9559506e+08 | T18: ='[2]202'!C805 -> 3.0354907e+08 | U18: ='[2]202'!B5277 -> 5714633.8 | V18: ='[2]202'!C5277 -> 5745899.5 | W18: ='[2]202'!B5836 -> 16807004 | X18: ='[2]202'!C5836 -> 19427427 | Y18: ='[2]202'!B6395 -> 1.2698112e+08 | Z18: ='[2]202'!C6395 -> 1.3280994e+08 | AA18: ='[2]202'!B8072 -> 2595732.7 | AB18: ='[2]202'!C8072 -> 3880057.1 | AC18: =Q18-(S18+U18+W18+Y18+AA18) -> 46136315 | AD18: =R18-(T18+V18+X18+Z18+AB18) -> 44089419 | AE18: ='[2]205'!B246 -> 100 | AF18: ='[2]205'!C246 -> 100 | AG18: ='[2]205'!B805 -> 60.999131 | AH18: ='[2]205'!C805 -> 60.94476 | AI18: ='[2]205'!B5277 -> 1.3032185 | AJ18: ='[2]205'!C5277 -> 1.2756407 | AK18: ='[2]205'!B5836 -> 3.1669687 | AL18: ='[2]205'!C5836 -> 3.6533407 | AM18: ='[2]205'!B6395 -> 26.355146 | AN18: ='[2]205'!C6395 -> 26.70984 | AO18: ='[2]205'!B8072 -> 0.60714448 | AP18: ='[2]205'!C8072 -> 0.87534022 | AQ18: =AE18-(AG18+AI18+AK18+AM18+AO18) -> 7.5683919 | AR18: =AF18-(AH18+AJ18+AL18+AN18+AP18) -> 6.5410787 | AS18: ='[2]209'!B246 -> 1.1045466 | AT18: ='[2]209'!C246 -> 3.1735521 | AU18: ='[2]209'!B805 -> 0.83227028 | AV18: ='[2]209'!C805 -> 2.6908455 | AW18: ='[2]209'!B5277 -> -0.98681943 | AX18: ='[2]209'!C5277 -> 0.54711701 | AY18: ='[2]209'!B5836 -> -23.065594 | AZ18: ='[2]209'!C5836 -> 15.591257 | BA18: ='[2]209'!B6395 -> -6.2211497 | BB18: ='[2]209'!C6395 -> 4.5903081 | BC18: - | BD18: - | BE18: - | BF18: - | BG18: ='[2]210'!B246 -> 4.9999812 | BH18: ='[2]210'!C246 -> 5.2236914 | BI18: ='[2]210'!B805 -> 5.2302426 | BJ18: ='[2]210'!C805 -> 4.8761962 | BK18: ='[2]210'!B5277 -> 6.0472419 | BL18: ='[2]210'!C5277 -> 6.2302766 | BM18: ='[2]210'!B5836 -> 2.5895322 | BN18: ='[2]210'!C5836 -> -0.77404044 | BO18: ='[2]210'!B6395 -> 2.5186146 | BP18: ='[2]210'!C6395 -> 5.8656723 | BQ18: - | BR18: - | BS18: - | BT18: - | BU18: ='[2]211'!B246 -> 4.9999812 | BV18: ='[2]211'!C246 -> 5.1134644 | BW18: ='[2]211'!B805 -> 5.2302426 | BX18: ='[2]211'!C805 -> 5.0505711 | BY18: ='[2]211'!B5277 -> 6.0472419 | BZ18: ='[2]211'!C5277 -> 6.13893 | CA18: ='[2]211'!B5836 -> 2.5895322 | CB18: ='[2]211'!C5836 -> 0.758272 | CC18: ='[2]211'!B6395 -> 2.5186146 | CD18: ='[2]211'!C6395 -> 4.2028155 | CE18: - | CF18: - | CG18: - | CH18: - | CI18: ='[2]212'!B246 -> 0.80425064 | CJ18: ='[2]212'!C246 -> 0.53443133 | CK18: ='[2]212'!B805 -> 0.62903891 | CL18: ='[2]212'!C805 -> 0.91696999 | CM18: ='[2]212'!B5277 -> 0.97253228 | CN18: ='[2]212'!C5277 -> 0.97752805 | CO18: ='[2]212'!B5836 -> -12.342923 | CP18: ='[2]212'!C5836 -> 3.5153218 | CQ18: ='[2]212'!B6395 -> 0.48961549 | CR18: ='[2]212'!C6395 -> 0.50730493 | CS18: - | CT18: - | CU18: - | CV18: - | CW18: ='[2]213'!B246 -> 2.0297984 | CX18: ='[2]213'!C246 -> 1.7334573 | CY18: ='[2]213'!B805 -> 1.3665753 | CZ18: ='[2]213'!C805 -> 1.5651657 | DA18: ='[2]213'!B5277 -> 1.752259 | DB18: ='[2]213'!C5277 -> 2.4324162 | DC18: ='[2]213'!B5836 -> 7.8781971 | DD18: ='[2]213'!C5836 -> 2.1438579 | DE18: ='[2]213'!B6395 -> 2.6330101 | DF18: ='[2]213'!C6395 -> 2.7799165 | DG18: - | DH18: - | DI18: - | DJ18: -
A19: 36 | B19: Banten | C19: ='[2]201'!B285 -> 2.3014784e+08 | D19: ='[2]201'!C285 -> 2.3403819e+08 | E19: ='[2]201'!B844 -> 1.2156475e+08 | F19: ='[2]201'!C844 -> 1.2455124e+08 | G19: ='[2]201'!B5316 -> 1024871.7 | H19: ='[2]201'!C5316 -> 1070547.7 | I19: ='[2]201'!B5875 -> 8362291.7 | J19: ='[2]201'!C5875 -> 9321619.3 | K19: ='[2]201'!B6434 -> 77762298 | L19: ='[2]201'!C6434 -> 82450709 | M19: ='[2]201'!B8111 -> 42412.522 | N19: ='[2]201'!C8111 -> 69240.457 | O19: =C19-(E19+G19+I19+K19+M19) -> 21391220 | P19: =D19-(F19+H19+J19+L19+N19) -> 16574838 | Q19: ='[2]202'!B285 -> 1.3846054e+08 | R19: ='[2]202'!C285 -> 1.3996854e+08 | S19: ='[2]202'!B844 -> 76887449 | T19: ='[2]202'!C844 -> 77891546 | U19: ='[2]202'!B5316 -> 624625.44 | V19: ='[2]202'!C5316 -> 646483.6 | W19: ='[2]202'!B5875 -> 4185626.3 | X19: ='[2]202'!C5875 -> 4594988.2 | Y19: ='[2]202'!B6434 -> 42303493 | Z19: ='[2]202'!C6434 -> 44383853 | AA19: ='[2]202'!B8111 -> 27859.525 | AB19: ='[2]202'!C8111 -> 44540.811 | AC19: =Q19-(S19+U19+W19+Y19+AA19) -> 14431483 | AD19: =R19-(T19+V19+X19+Z19+AB19) -> 12407128 | AE19: ='[2]205'!B285 -> 100 | AF19: ='[2]205'!C285 -> 100 | AG19: ='[2]205'!B844 -> 52.820286 | AH19: ='[2]205'!C844 -> 53.218338 | AI19: ='[2]205'!B5316 -> 0.44531016 | AJ19: ='[2]205'!C5316 -> 0.45742435 | AK19: ='[2]205'!B5875 -> 3.6334434 | AL19: ='[2]205'!C5875 -> 3.9829479 | AM19: ='[2]205'!B6434 -> 33.787976 | AN19: ='[2]205'!C6434 -> 35.229596 | AO19: ='[2]205'!B8111 -> 0.018428381 | AP19: ='[2]205'!C8111 -> 0.02958511 | AQ19: =AE19-(AG19+AI19+AK19+AM19+AO19) -> 9.2945559 | AR19: =AF19-(AH19+AJ19+AL19+AN19+AP19) -> 7.0821083 | AS19: ='[2]209'!B285 -> 1.2720623 | AT19: ='[2]209'!C285 -> 1.0891217 | AU19: ='[2]209'!B844 -> 0.72791633 | AV19: ='[2]209'!C844 -> 1.3059306 | AW19: ='[2]209'!B5316 -> 1.9154384 | AX19: ='[2]209'!C5316 -> 3.4994023 | AY19: ='[2]209'!B5875 -> -24.705259 | AZ19: ='[2]209'!C5875 -> 9.7801836 | BA19: ='[2]209'!B6434 -> -0.82819952 | BB19: ='[2]209'!C6434 -> 4.9177027 | BC19: - | BD19: - | BE19: - | BF19: - | BG19: ='[2]210'!B285 -> 5.1762568 | BH19: ='[2]210'!C285 -> 5.0176032 | BI19: ='[2]210'!B844 -> 5.6079595 | BJ19: ='[2]210'!C844 -> 3.6821662 | BK19: ='[2]210'!B5316 -> -1.2807194 | BL19: ='[2]210'!C5316 -> 1.0242055 | BM19: ='[2]210'!B5875 -> -0.25933829 | BN19: ='[2]210'!C5875 -> -0.62753604 | BO19: ='[2]210'!B6434 -> 2.6751595 | BP19: ='[2]210'!C6434 -> 9.5525366 | BQ19: - | BR19: - | BS19: - | BT19: - | BU19: ='[2]211'!B285 -> 5.1762568 | BV19: ='[2]211'!C285 -> 5.0964404 | BW19: ='[2]211'!B844 -> 5.6079595 | BX19: ='[2]211'!C844 -> 4.629957 | BY19: ='[2]211'!B5316 -> -1.2807194 | BZ19: ='[2]211'!C5316 -> -0.12173652 | CA19: ='[2]211'!B5875 -> -0.25933829 | CB19: ='[2]211'!C5875 -> -0.45235972 | CC19: ='[2]211'!B6434 -> 2.6751595 | CD19: ='[2]211'!C6434 -> 6.0849157 | CE19: - | CF19: - | CG19: - | CH19: - | CI19: ='[2]212'!B285 -> 0.3912651 | CJ19: ='[2]212'!C285 -> 0.59477067 | CK19: ='[2]212'!B844 -> -0.052939086 | CL19: ='[2]212'!C844 -> 1.1359412 | CM19: ='[2]212'!B5316 -> -0.12173875 | CN19: ='[2]212'!C5316 -> 0.9249779 | CO19: ='[2]212'!B5875 -> -0.029109174 | CP19: ='[2]212'!C5875 -> 1.5411554 | CQ19: ='[2]212'!B6434 -> 0.61061992 | CR19: ='[2]212'!C6434 -> 1.0593585 | CS19: - | CT19: - | CU19: - | CV19: - | CW19: ='[2]213'!B285 -> 2.6740403 | CX19: ='[2]213'!C285 -> 1.9255759 | CY19: ='[2]213'!B844 -> 2.6601531 | CZ19: ='[2]213'!C844 -> 2.4618021 | DA19: ='[2]213'!B5316 -> 1.5927283 | DB19: ='[2]213'!C5316 -> 1.1566954 | DC19: ='[2]213'!B5875 -> 4.5997904 | DD19: ='[2]213'!C5875 -> 5.2525589 | DE19: ='[2]213'!B6434 -> 4.6760947 | DF19: ='[2]213'!C6434 -> 4.5031577 | DG19: - | DH19: - | DI19: - | DJ19: -
